experiment_id,match_id,agent_1,agent_2,focal_agent,focal_side,opponent,focal_color,trials,opponent_trials,configuration_trials,game_id,seed,starter,laura_simulations,mario_agent,winner,winner_agent,result,score,num_moves,total_game_time,mean_decision_time,total_decision_time,num_decisions
Laura_vs_Mario_alternating_50,Laura_vs_Mario_game_000,Agente Laura MCTS,Agente Mario,Agente Laura MCTS,agent_1,Agente Mario,first,100,0,100,0,2026,Agente Laura MCTS,100,Winner,agent_2,Agente Mario,loss,-1,30,9.771624400047585,0.6471722733423424,9.707584100135136,15
Laura_vs_Mario_alternating_50,Laura_vs_Mario_game_000,Agente Laura MCTS,Agente Mario,Agente Mario,agent_2,Agente Laura MCTS,second,0,100,0,0,2026,Agente Laura MCTS,100,Winner,agent_2,Agente Mario,win,1,30,9.771624400047585,0.0041668200011675555,0.06250230001751333,15
Laura_vs_Mario_alternating_50,Laura_vs_Mario_game_001,Agente Mario,Agente Laura MCTS,Agente Mario,agent_1,Agente Laura MCTS,first,0,100,0,1,2027,Agente Mario,100,Winner,agent_2,Agente Laura MCTS,loss,-1,40,10.826734300004318,0.004003984996234067,0.08007969992468134,20
Laura_vs_Mario_alternating_50,Laura_vs_Mario_game_001,Agente Mario,Agente Laura MCTS,Agente Laura MCTS,agent_2,Agente Mario,second,100,0,100,1,2027,Agente Mario,100,Winner,agent_2,Agente Laura MCTS,win,1,40,10.826734300004318,0.537207445007516,10.744148900150321,20
Laura_vs_Mario_alternating_50,Laura_vs_Mario_game_002,Agente Laura MCTS,Agente Mario,Agente Laura MCTS,agent_1,Agente Mario,first,100,0,100,2,2028,Agente Laura MCTS,100,Winner,agent_2,Agente Mario,loss,-1,30,9.577133899962064,0.6342836999916471,9.514255499874707,15
Laura_vs_Mario_alternating_50,Laura_vs_Mario_game_002,Agente Laura MCTS,Agente Mario,Agente Mario,agent_2,Agente Laura MCTS,second,0,100,0,2,2028,Agente Laura MCTS,100,Winner,agent_2,Agente Mario,win,1,30,9.577133899962064,0.004093046672642231,0.061395700089633465,15
Laura_vs_Mario_alternating_50,Laura_vs_Mario_game_003,Agente Mario,Agente Laura MCTS,Agente Mario,agent_1,Agente Laura MCTS,first,0,100,0,3,2029,Agente Mario,100,Winner,agent_2,Agente Laura MCTS,loss,-1,40,10.552500499994494,0.003675110000767745,0.0735022000153549,20
Laura_vs_Mario_alternating_50,Laura_vs_Mario_game_003,Agente Mario,Agente Laura MCTS,Agente Laura MCTS,agent_2,Agente Mario,second,100,0,100,3,2029,Agente Mario,100,Winner,agent_2,Agente Laura MCTS,win,1,40,10.552500499994494,0.5238392700062832,10.476785400125664,20
Laura_vs_Mario_alternating_50,Laura_vs_Mario_game_004,Agente Laura MCTS,Agente Mario,Agente Laura MCTS,agent_1,Agente Mario,first,100,0,100,4,2030,Agente Laura MCTS,100,Winner,agent_2,Agente Mario,loss,-1,30,9.76614179997705,0.6468611466698349,9.702917200047523,15
Laura_vs_Mario_alternating_50,Laura_vs_Mario_game_004,Agente Laura MCTS,Agente Mario,Agente Mario,agent_2,Agente Laura MCTS,second,0,100,0,4,2030,Agente Laura MCTS,100,Winner,agent_2,Agente Mario,win,1,30,9.76614179997705,0.004116139987794061,0.06174209981691092,15
Laura_vs_Mario_alternating_50,Laura_vs_Mario_game_005,Agente Mario,Agente Laura MCTS,Agente Mario,agent_1,Agente Laura MCTS,first,0,100,0,5,2031,Agente Mario,100,Winner,agent_2,Agente Laura MCTS,loss,-1,40,10.693835999991279,0.0037284550053300336,0.07456910010660067,20
Laura_vs_Mario_alternating_50,Laura_vs_Mario_game_005,Agente Mario,Agente Laura MCTS,Agente Laura MCTS,agent_2,Agente Mario,second,100,0,100,5,2031,Agente Mario,100,Winner,agent_2,Agente Laura MCTS,win,1,40,10.693835999991279,0.5308518699952401,10.617037399904802,20
Laura_vs_Mario_alternating_50,Laura_vs_Mario_game_006,Agente Laura MCTS,Agente Mario,Agente Laura MCTS,agent_1,Agente Mario,first,100,0,100,6,2032,Agente Laura MCTS,100,Winner,agent_2,Agente Mario,loss,-1,30,9.56414129998302,0.6333876866730861,9.500815300096292,15
Laura_vs_Mario_alternating_50,Laura_vs_Mario_game_006,Agente Laura MCTS,Agente Mario,Agente Mario,agent_2,Agente Laura MCTS,second,0,100,0,6,2032,Agente Laura MCTS,100,Winner,agent_2,Agente Mario,win,1,30,9.56414129998302,0.004124593338929117,0.06186890008393675,15
Laura_vs_Mario_alternating_50,Laura_vs_Mario_game_007,Agente Mario,Agente Laura MCTS,Agente Mario,agent_1,Agente Laura MCTS,first,0,100,0,7,2033,Agente Mario,100,Winner,agent_2,Agente Laura MCTS,loss,-1,40,10.596727199968882,0.0037259999953676015,0.07451999990735203,20
Laura_vs_Mario_alternating_50,Laura_vs_Mario_game_007,Agente Mario,Agente Laura MCTS,Agente Laura MCTS,agent_2,Agente Mario,second,100,0,100,7,2033,Agente Mario,100,Winner,agent_2,Agente Laura MCTS,win,1,40,10.596727199968882,0.5259978099929867,10.519956199859735,20
Laura_vs_Mario_alternating_50,Laura_vs_Mario_game_008,Agente Laura MCTS,Agente Mario,Agente Laura MCTS,agent_1,Agente Mario,first,100,0,100,8,2034,Agente Laura MCTS,100,Winner,agent_2,Agente Mario,loss,-1,30,9.67032819997985,0.6403999999980442,9.605999999970663,15
Laura_vs_Mario_alternating_50,Laura_vs_Mario_game_008,Agente Laura MCTS,Agente Mario,Agente Mario,agent_2,Agente Laura MCTS,second,0,100,0,8,2034,Agente Laura MCTS,100,Winner,agent_2,Agente Mario,win,1,30,9.67032819997985,0.004184993344824761,0.06277490017237142,15
Laura_vs_Mario_alternating_50,Laura_vs_Mario_game_009,Agente Mario,Agente Laura MCTS,Agente Mario,agent_1,Agente Laura MCTS,first,0,100,0,9,2035,Agente Mario,100,Winner,agent_2,Agente Laura MCTS,loss,-1,40,10.606118600000627,0.003682434992515482,0.07364869985030964,20
Laura_vs_Mario_alternating_50,Laura_vs_Mario_game_009,Agente Mario,Agente Laura MCTS,Agente Laura MCTS,agent_2,Agente Mario,second,100,0,100,9,2035,Agente Mario,100,Winner,agent_2,Agente Laura MCTS,win,1,40,10.606118600000627,0.5265120650059544,10.530241300119087,20
Laura_vs_Mario_alternating_50,Laura_vs_Mario_game_010,Agente Laura MCTS,Agente Mario,Agente Laura MCTS,agent_1,Agente Mario,first,100,0,100,10,2036,Agente Laura MCTS,100,Winner,agent_2,Agente Mario,loss,-1,30,9.634969700011425,0.6380812066645982,9.571218099968974,15
Laura_vs_Mario_alternating_50,Laura_vs_Mario_game_010,Agente Laura MCTS,Agente Mario,Agente Mario,agent_2,Agente Laura MCTS,second,0,100,0,10,2036,Agente Laura MCTS,100,Winner,agent_2,Agente Mario,win,1,30,9.634969700011425,0.00415137333329767,0.06227059999946505,15
Laura_vs_Mario_alternating_50,Laura_vs_Mario_game_011,Agente Mario,Agente Laura MCTS,Agente Mario,agent_1,Agente Laura MCTS,first,0,100,0,11,2037,Agente Mario,100,Winner,agent_2,Agente Laura MCTS,loss,-1,40,10.723645999969449,0.0038513900071848184,0.07702780014369637,20
Laura_vs_Mario_alternating_50,Laura_vs_Mario_game_011,Agente Mario,Agente Laura MCTS,Agente Laura MCTS,agent_2,Agente Mario,second,100,0,100,11,2037,Agente Mario,100,Winner,agent_2,Agente Laura MCTS,win,1,40,10.723645999969449,0.5322144300036598,10.644288600073196,20
Laura_vs_Mario_alternating_50,Laura_vs_Mario_game_012,Agente Laura MCTS,Agente Mario,Agente Laura MCTS,agent_1,Agente Mario,first,100,0,100,12,2038,Agente Laura MCTS,100,Winner,agent_2,Agente Mario,loss,-1,30,9.557858899992425,0.6329184200071419,9.493776300107129,15
Laura_vs_Mario_alternating_50,Laura_vs_Mario_game_012,Agente Laura MCTS,Agente Mario,Agente Mario,agent_2,Agente Laura MCTS,second,0,100,0,12,2038,Agente Laura MCTS,100,Winner,agent_2,Agente Mario,win,1,30,9.557858899992425,0.004172913338212917,0.06259370007319376,15
Laura_vs_Mario_alternating_50,Laura_vs_Mario_game_013,Agente Mario,Agente Laura MCTS,Agente Mario,agent_1,Agente Laura MCTS,first,0,100,0,13,2039,Agente Mario,100,Winner,agent_2,Agente Laura MCTS,loss,-1,40,10.69896719994722,0.00389850000210572,0.0779700000421144,20
Laura_vs_Mario_alternating_50,Laura_vs_Mario_game_013,Agente Mario,Agente Laura MCTS,Agente Laura MCTS,agent_2,Agente Mario,second,100,0,100,13,2039,Agente Mario,100,Winner,agent_2,Agente Laura MCTS,win,1,40,10.69896719994722,0.5309359100006986,10.618718200013973,20
Laura_vs_Mario_alternating_50,Laura_vs_Mario_game_014,Agente Laura MCTS,Agente Mario,Agente Laura MCTS,agent_1,Agente Mario,first,100,0,100,14,2040,Agente Laura MCTS,100,Winner,agent_2,Agente Mario,loss,-1,30,9.763062999991234,0.6464621600074073,9.696932400111109,15
Laura_vs_Mario_alternating_50,Laura_vs_Mario_game_014,Agente Laura MCTS,Agente Mario,Agente Mario,agent_2,Agente Laura MCTS,second,0,100,0,14,2040,Agente Laura MCTS,100,Winner,agent_2,Agente Mario,win,1,30,9.763062999991234,0.004307440008657674,0.06461160012986511,15
Laura_vs_Mario_alternating_50,Laura_vs_Mario_game_015,Agente Mario,Agente Laura MCTS,Agente Mario,agent_1,Agente Laura MCTS,first,0,100,0,15,2041,Agente Mario,100,Winner,agent_2,Agente Laura MCTS,loss,-1,40,10.538243299990427,0.003818905004300177,0.07637810008600354,20
Laura_vs_Mario_alternating_50,Laura_vs_Mario_game_015,Agente Mario,Agente Laura MCTS,Agente Laura MCTS,agent_2,Agente Mario,second,100,0,100,15,2041,Agente Mario,100,Winner,agent_2,Agente Laura MCTS,win,1,40,10.538243299990427,0.5229800050001359,10.459600100002717,20
Laura_vs_Mario_alternating_50,Laura_vs_Mario_game_016,Agente Laura MCTS,Agente Mario,Agente Laura MCTS,agent_1,Agente Mario,first,100,0,100,16,2042,Agente Laura MCTS,100,Winner,agent_2,Agente Mario,loss,-1,30,9.592767000023741,0.6352456666800814,9.528685000201222,15
Laura_vs_Mario_alternating_50,Laura_vs_Mario_game_016,Agente Laura MCTS,Agente Mario,Agente Mario,agent_2,Agente Laura MCTS,second,0,100,0,16,2042,Agente Laura MCTS,100,Winner,agent_2,Agente Mario,win,1,30,9.592767000023741,0.004173853341490031,0.06260780012235045,15
Laura_vs_Mario_alternating_50,Laura_vs_Mario_game_017,Agente Mario,Agente Laura MCTS,Agente Mario,agent_1,Agente Laura MCTS,first,0,100,0,17,2043,Agente Mario,100,Winner,agent_2,Agente Laura MCTS,loss,-1,40,10.668750500015449,0.0038206900033401327,0.07641380006680265,20
Laura_vs_Mario_alternating_50,Laura_vs_Mario_game_017,Agente Mario,Agente Laura MCTS,Agente Laura MCTS,agent_2,Agente Mario,second,100,0,100,17,2043,Agente Mario,100,Winner,agent_2,Agente Laura MCTS,win,1,40,10.668750500015449,0.5295025550032733,10.590051100065466,20
Laura_vs_Mario_alternating_50,Laura_vs_Mario_game_018,Agente Laura MCTS,Agente Mario,Agente Laura MCTS,agent_1,Agente Mario,first,100,0,100,18,2044,Agente Laura MCTS,100,Winner,agent_2,Agente Mario,loss,-1,30,9.755727800016757,0.6459843399973276,9.689765099959914,15
Laura_vs_Mario_alternating_50,Laura_vs_Mario_game_018,Agente Laura MCTS,Agente Mario,Agente Mario,agent_2,Agente Laura MCTS,second,0,100,0,18,2044,Agente Laura MCTS,100,Winner,agent_2,Agente Mario,win,1,30,9.755727800016757,0.004294313323528817,0.06441469985293224,15
Laura_vs_Mario_alternating_50,Laura_vs_Mario_game_019,Agente Mario,Agente Laura MCTS,Agente Mario,agent_1,Agente Laura MCTS,first,0,100,0,19,2045,Agente Mario,100,Winner,agent_2,Agente Laura MCTS,loss,-1,40,10.751879199990071,0.003812704997835681,0.07625409995671362,20
Laura_vs_Mario_alternating_50,Laura_vs_Mario_game_019,Agente Mario,Agente Laura MCTS,Agente Laura MCTS,agent_2,Agente Mario,second,100,0,100,19,2045,Agente Mario,100,Winner,agent_2,Agente Laura MCTS,win,1,40,10.751879199990071,0.5336675649974495,10.67335129994899,20
Laura_vs_Mario_alternating_50,Laura_vs_Mario_game_020,Agente Laura MCTS,Agente Mario,Agente Laura MCTS,agent_1,Agente Mario,first,100,0,100,20,2046,Agente Laura MCTS,100,Winner,agent_2,Agente Mario,loss,-1,30,9.673362599976826,0.6406276800048848,9.609415200073272,15
Laura_vs_Mario_alternating_50,Laura_vs_Mario_game_020,Agente Laura MCTS,Agente Mario,Agente Mario,agent_2,Agente Laura MCTS,second,0,100,0,20,2046,Agente Laura MCTS,100,Winner,agent_2,Agente Mario,win,1,30,9.673362599976826,0.00416395333983625,0.062459300097543746,15
Laura_vs_Mario_alternating_50,Laura_vs_Mario_game_021,Agente Mario,Agente Laura MCTS,Agente Mario,agent_1,Agente Laura MCTS,first,0,100,0,21,2047,Agente Mario,100,Winner,agent_2,Agente Laura MCTS,loss,-1,40,10.77188469999237,0.003755269999965094,0.07510539999930188,20
Laura_vs_Mario_alternating_50,Laura_vs_Mario_game_021,Agente Mario,Agente Laura MCTS,Agente Laura MCTS,agent_2,Agente Mario,second,100,0,100,21,2047,Agente Mario,100,Winner,agent_2,Agente Laura MCTS,win,1,40,10.77188469999237,0.5347259000031045,10.69451800006209,20
Laura_vs_Mario_alternating_50,Laura_vs_Mario_game_022,Agente Laura MCTS,Agente Mario,Agente Laura MCTS,agent_1,Agente Mario,first,100,0,100,22,2048,Agente Laura MCTS,100,Winner,agent_2,Agente Mario,loss,-1,30,9.755122600006871,0.6461095266703827,9.69164290005574,15
Laura_vs_Mario_alternating_50,Laura_vs_Mario_game_022,Agente Laura MCTS,Agente Mario,Agente Mario,agent_2,Agente Laura MCTS,second,0,100,0,22,2048,Agente Laura MCTS,100,Winner,agent_2,Agente Mario,win,1,30,9.755122600006871,0.00413293334034582,0.0619940001051873,15
Laura_vs_Mario_alternating_50,Laura_vs_Mario_game_023,Agente Mario,Agente Laura MCTS,Agente Mario,agent_1,Agente Laura MCTS,first,0,100,0,23,2049,Agente Mario,100,Winner,agent_2,Agente Laura MCTS,loss,-1,40,10.774246099987067,0.0038353150011971593,0.07670630002394319,20
Laura_vs_Mario_alternating_50,Laura_vs_Mario_game_023,Agente Mario,Agente Laura MCTS,Agente Laura MCTS,agent_2,Agente Mario,second,100,0,100,23,2049,Agente Mario,100,Winner,agent_2,Agente Laura MCTS,win,1,40,10.774246099987067,0.5347598249965813,10.695196499931626,20
Laura_vs_Mario_alternating_50,Laura_vs_Mario_game_024,Agente Laura MCTS,Agente Mario,Agente Laura MCTS,agent_1,Agente Mario,first,100,0,100,24,2050,Agente Laura MCTS,100,Winner,agent_2,Agente Mario,loss,-1,30,9.838741099985782,0.6516604066554768,9.774906099832151,15
Laura_vs_Mario_alternating_50,Laura_vs_Mario_game_024,Agente Laura MCTS,Agente Mario,Agente Mario,agent_2,Agente Laura MCTS,second,0,100,0,24,2050,Agente Laura MCTS,100,Winner,agent_2,Agente Mario,win,1,30,9.838741099985782,0.004151713335886598,0.062275700038298965,15
Laura_vs_Mario_alternating_50,Laura_vs_Mario_game_025,Agente Mario,Agente Laura MCTS,Agente Mario,agent_1,Agente Laura MCTS,first,0,100,0,25,2051,Agente Mario,100,Winner,agent_2,Agente Laura MCTS,loss,-1,40,10.581478099978995,0.0037154499907046555,0.07430899981409311,20
Laura_vs_Mario_alternating_50,Laura_vs_Mario_game_025,Agente Mario,Agente Laura MCTS,Agente Laura MCTS,agent_2,Agente Mario,second,100,0,100,25,2051,Agente Mario,100,Winner,agent_2,Agente Laura MCTS,win,1,40,10.581478099978995,0.5252429249958368,10.504858499916736,20
Laura_vs_Mario_alternating_50,Laura_vs_Mario_game_026,Agente Laura MCTS,Agente Mario,Agente Laura MCTS,agent_1,Agente Mario,first,100,0,100,26,2052,Agente Laura MCTS,100,Winner,agent_2,Agente Mario,loss,-1,30,9.767933700000867,0.6468384333381739,9.70257650007261,15
Laura_vs_Mario_alternating_50,Laura_vs_Mario_game_026,Agente Laura MCTS,Agente Mario,Agente Mario,agent_2,Agente Laura MCTS,second,0,100,0,26,2052,Agente Laura MCTS,100,Winner,agent_2,Agente Mario,win,1,30,9.767933700000867,0.00425690000023072,0.0638535000034608,15
Laura_vs_Mario_alternating_50,Laura_vs_Mario_game_027,Agente Mario,Agente Laura MCTS,Agente Mario,agent_1,Agente Laura MCTS,first,0,100,0,27,2053,Agente Mario,100,Winner,agent_2,Agente Laura MCTS,loss,-1,40,10.89824489998864,0.0039355400018394,0.07871080003678799,20
Laura_vs_Mario_alternating_50,Laura_vs_Mario_game_027,Agente Mario,Agente Laura MCTS,Agente Laura MCTS,agent_2,Agente Mario,second,100,0,100,27,2053,Agente Mario,100,Winner,agent_2,Agente Laura MCTS,win,1,40,10.89824489998864,0.5408547500002896,10.817095000005793,20
Laura_vs_Mario_alternating_50,Laura_vs_Mario_game_028,Agente Laura MCTS,Agente Mario,Agente Laura MCTS,agent_1,Agente Mario,first,100,0,100,28,2054,Agente Laura MCTS,100,Winner,agent_2,Agente Mario,loss,-1,30,9.98519540001871,0.6614171999972314,9.92125799995847,15
Laura_vs_Mario_alternating_50,Laura_vs_Mario_game_028,Agente Laura MCTS,Agente Mario,Agente Mario,agent_2,Agente Laura MCTS,second,0,100,0,28,2054,Agente Laura MCTS,100,Winner,agent_2,Agente Mario,win,1,30,9.98519540001871,0.0041594466504951315,0.06239169975742698,15
Laura_vs_Mario_alternating_50,Laura_vs_Mario_game_029,Agente Mario,Agente Laura MCTS,Agente Mario,agent_1,Agente Laura MCTS,first,0,100,0,29,2055,Agente Mario,100,Winner,agent_2,Agente Laura MCTS,loss,-1,40,10.856678399955854,0.003749804996186867,0.07499609992373735,20
Laura_vs_Mario_alternating_50,Laura_vs_Mario_game_029,Agente Mario,Agente Laura MCTS,Agente Laura MCTS,agent_2,Agente Mario,second,100,0,100,29,2055,Agente Mario,100,Winner,agent_2,Agente Laura MCTS,win,1,40,10.856678399955854,0.5389727150002728,10.779454300005455,20
Laura_vs_Mario_alternating_50,Laura_vs_Mario_game_030,Agente Laura MCTS,Agente Mario,Agente Laura MCTS,agent_1,Agente Mario,first,100,0,100,30,2056,Agente Laura MCTS,100,Winner,agent_2,Agente Mario,loss,-1,30,9.698149200004991,0.6422971333377063,9.634457000065595,15
Laura_vs_Mario_alternating_50,Laura_vs_Mario_game_030,Agente Laura MCTS,Agente Mario,Agente Mario,agent_2,Agente Laura MCTS,second,0,100,0,30,2056,Agente Laura MCTS,100,Winner,agent_2,Agente Mario,win,1,30,9.698149200004991,0.004146753333043307,0.062201299995649606,15
Laura_vs_Mario_alternating_50,Laura_vs_Mario_game_031,Agente Mario,Agente Laura MCTS,Agente Mario,agent_1,Agente Laura MCTS,first,0,100,0,31,2057,Agente Mario,100,Winner,agent_2,Agente Laura MCTS,loss,-1,40,10.969078599999193,0.0037692150013754143,0.07538430002750829,20
Laura_vs_Mario_alternating_50,Laura_vs_Mario_game_031,Agente Mario,Agente Laura MCTS,Agente Laura MCTS,agent_2,Agente Mario,second,100,0,100,31,2057,Agente Mario,100,Winner,agent_2,Agente Laura MCTS,win,1,40,10.969078599999193,0.5445672150061001,10.891344300122,20
Laura_vs_Mario_alternating_50,Laura_vs_Mario_game_032,Agente Laura MCTS,Agente Mario,Agente Laura MCTS,agent_1,Agente Mario,first,100,0,100,32,2058,Agente Laura MCTS,100,Winner,agent_2,Agente Mario,loss,-1,30,9.767636900010984,0.6468338066712022,9.702507100068033,15
Laura_vs_Mario_alternating_50,Laura_vs_Mario_game_032,Agente Laura MCTS,Agente Mario,Agente Mario,agent_2,Agente Laura MCTS,second,0,100,0,32,2058,Agente Laura MCTS,100,Winner,agent_2,Agente Mario,win,1,30,9.767636900010984,0.004241033333043257,0.06361549999564886,15
Laura_vs_Mario_alternating_50,Laura_vs_Mario_game_033,Agente Mario,Agente Laura MCTS,Agente Mario,agent_1,Agente Laura MCTS,first,0,100,0,33,2059,Agente Mario,100,Winner,agent_2,Agente Laura MCTS,loss,-1,40,10.771300699969288,0.0037735300022177396,0.0754706000443548,20
Laura_vs_Mario_alternating_50,Laura_vs_Mario_game_033,Agente Mario,Agente Laura MCTS,Agente Laura MCTS,agent_2,Agente Mario,second,100,0,100,33,2059,Agente Mario,100,Winner,agent_2,Agente Laura MCTS,win,1,40,10.771300699969288,0.5346785599947907,10.693571199895814,20
Laura_vs_Mario_alternating_50,Laura_vs_Mario_game_034,Agente Laura MCTS,Agente Mario,Agente Laura MCTS,agent_1,Agente Mario,first,100,0,100,34,2060,Agente Laura MCTS,100,Winner,agent_2,Agente Mario,loss,-1,30,9.711293699976522,0.643144313346905,9.647164700203575,15
Laura_vs_Mario_alternating_50,Laura_vs_Mario_game_034,Agente Laura MCTS,Agente Mario,Agente Mario,agent_2,Agente Laura MCTS,second,0,100,0,34,2060,Agente Laura MCTS,100,Winner,agent_2,Agente Mario,win,1,30,9.711293699976522,0.004172373337981602,0.06258560006972402,15
Laura_vs_Mario_alternating_50,Laura_vs_Mario_game_035,Agente Mario,Agente Laura MCTS,Agente Mario,agent_1,Agente Laura MCTS,first,0,100,0,35,2061,Agente Mario,100,Winner,agent_2,Agente Laura MCTS,loss,-1,40,10.687491499993484,0.003732930001569912,0.07465860003139824,20
Laura_vs_Mario_alternating_50,Laura_vs_Mario_game_035,Agente Mario,Agente Laura MCTS,Agente Laura MCTS,agent_2,Agente Mario,second,100,0,100,35,2061,Agente Mario,100,Winner,agent_2,Agente Laura MCTS,win,1,40,10.687491499993484,0.5305288400006247,10.610576800012495,20
Laura_vs_Mario_alternating_50,Laura_vs_Mario_game_036,Agente Laura MCTS,Agente Mario,Agente Laura MCTS,agent_1,Agente Mario,first,100,0,100,36,2062,Agente Laura MCTS,100,Winner,agent_2,Agente Mario,loss,-1,30,9.699813499988522,0.6423445933304417,9.635168899956625,15
Laura_vs_Mario_alternating_50,Laura_vs_Mario_game_036,Agente Laura MCTS,Agente Mario,Agente Mario,agent_2,Agente Laura MCTS,second,0,100,0,36,2062,Agente Laura MCTS,100,Winner,agent_2,Agente Mario,win,1,30,9.699813499988522,0.004210526670794934,0.06315790006192401,15
Laura_vs_Mario_alternating_50,Laura_vs_Mario_game_037,Agente Mario,Agente Laura MCTS,Agente Mario,agent_1,Agente Laura MCTS,first,0,100,0,37,2063,Agente Mario,100,Winner,agent_2,Agente Laura MCTS,loss,-1,40,10.758709000016097,0.003794939993531443,0.07589879987062886,20
Laura_vs_Mario_alternating_50,Laura_vs_Mario_game_037,Agente Mario,Agente Laura MCTS,Agente Laura MCTS,agent_2,Agente Mario,second,100,0,100,37,2063,Agente Mario,100,Winner,agent_2,Agente Laura MCTS,win,1,40,10.758709000016097,0.5340239699988161,10.68047939997632,20
Laura_vs_Mario_alternating_50,Laura_vs_Mario_game_038,Agente Laura MCTS,Agente Mario,Agente Laura MCTS,agent_1,Agente Mario,first,100,0,100,38,2064,Agente Laura MCTS,100,Winner,agent_2,Agente Mario,loss,-1,30,9.682227200013585,0.6411778133362531,9.617667200043797,15
Laura_vs_Mario_alternating_50,Laura_vs_Mario_game_038,Agente Laura MCTS,Agente Mario,Agente Mario,agent_2,Agente Laura MCTS,second,0,100,0,38,2064,Agente Laura MCTS,100,Winner,agent_2,Agente Mario,win,1,30,9.682227200013585,0.004201473334493736,0.06302210001740605,15
Laura_vs_Mario_alternating_50,Laura_vs_Mario_game_039,Agente Mario,Agente Laura MCTS,Agente Mario,agent_1,Agente Laura MCTS,first,0,100,0,39,2065,Agente Mario,100,Winner,agent_2,Agente Laura MCTS,loss,-1,40,10.602912099973764,0.00376033999491483,0.0752067998982966,20
Laura_vs_Mario_alternating_50,Laura_vs_Mario_game_039,Agente Mario,Agente Laura MCTS,Agente Laura MCTS,agent_2,Agente Mario,second,100,0,100,39,2065,Agente Mario,100,Winner,agent_2,Agente Laura MCTS,win,1,40,10.602912099973764,0.5262718850019155,10.52543770003831,20
Laura_vs_Mario_alternating_50,Laura_vs_Mario_game_040,Agente Laura MCTS,Agente Mario,Agente Laura MCTS,agent_1,Agente Mario,first,100,0,100,40,2066,Agente Laura MCTS,100,Winner,agent_2,Agente Mario,loss,-1,30,9.720395300013479,0.6437508933284941,9.656263399927411,15
Laura_vs_Mario_alternating_50,Laura_vs_Mario_game_040,Agente Laura MCTS,Agente Mario,Agente Mario,agent_2,Agente Laura MCTS,second,0,100,0,40,2066,Agente Laura MCTS,100,Winner,agent_2,Agente Mario,win,1,30,9.720395300013479,0.004175133327953518,0.06262699991930276,15
Laura_vs_Mario_alternating_50,Laura_vs_Mario_game_041,Agente Mario,Agente Laura MCTS,Agente Mario,agent_1,Agente Laura MCTS,first,0,100,0,41,2067,Agente Mario,100,Winner,agent_2,Agente Laura MCTS,loss,-1,40,10.573904200049583,0.0037181449966738,0.074362899933476,20
Laura_vs_Mario_alternating_50,Laura_vs_Mario_game_041,Agente Mario,Agente Laura MCTS,Agente Laura MCTS,agent_2,Agente Mario,second,100,0,100,41,2067,Agente Mario,100,Winner,agent_2,Agente Laura MCTS,win,1,40,10.573904200049583,0.5248619850055547,10.497239700111095,20
Laura_vs_Mario_alternating_50,Laura_vs_Mario_game_042,Agente Laura MCTS,Agente Mario,Agente Laura MCTS,agent_1,Agente Mario,first,100,0,100,42,2068,Agente Laura MCTS,100,Winner,agent_2,Agente Mario,loss,-1,30,9.602306100015994,0.6359612333277861,9.539418499916792,15
Laura_vs_Mario_alternating_50,Laura_vs_Mario_game_042,Agente Laura MCTS,Agente Mario,Agente Mario,agent_2,Agente Laura MCTS,second,0,100,0,42,2068,Agente Laura MCTS,100,Winner,agent_2,Agente Mario,win,1,30,9.602306100015994,0.0040944933386829994,0.06141740008024499,15
Laura_vs_Mario_alternating_50,Laura_vs_Mario_game_043,Agente Mario,Agente Laura MCTS,Agente Mario,agent_1,Agente Laura MCTS,first,0,100,0,43,2069,Agente Mario,100,Winner,agent_2,Agente Laura MCTS,loss,-1,40,10.53854759997921,0.0037591800006339326,0.07518360001267865,20
Laura_vs_Mario_alternating_50,Laura_vs_Mario_game_043,Agente Mario,Agente Laura MCTS,Agente Laura MCTS,agent_2,Agente Mario,second,100,0,100,43,2069,Agente Mario,100,Winner,agent_2,Agente Laura MCTS,win,1,40,10.53854759997921,0.5230534600006649,10.461069200013299,20
Laura_vs_Mario_alternating_50,Laura_vs_Mario_game_044,Agente Laura MCTS,Agente Mario,Agente Laura MCTS,agent_1,Agente Mario,first,100,0,100,44,2070,Agente Laura MCTS,100,Winner,agent_2,Agente Mario,loss,-1,30,9.65661230002297,0.6394647266638155,9.591970899957232,15
Laura_vs_Mario_alternating_50,Laura_vs_Mario_game_044,Agente Laura MCTS,Agente Mario,Agente Mario,agent_2,Agente Laura MCTS,second,0,100,0,44,2070,Agente Laura MCTS,100,Winner,agent_2,Agente Mario,win,1,30,9.65661230002297,0.00420955332616965,0.06314329989254475,15
Laura_vs_Mario_alternating_50,Laura_vs_Mario_game_045,Agente Mario,Agente Laura MCTS,Agente Mario,agent_1,Agente Laura MCTS,first,0,100,0,45,2071,Agente Mario,100,Winner,agent_2,Agente Laura MCTS,loss,-1,40,10.53525209997315,0.003721029995358549,0.07442059990717098,20
Laura_vs_Mario_alternating_50,Laura_vs_Mario_game_045,Agente Mario,Agente Laura MCTS,Agente Laura MCTS,agent_2,Agente Mario,second,100,0,100,45,2071,Agente Mario,100,Winner,agent_2,Agente Laura MCTS,win,1,40,10.53525209997315,0.5229286199930356,10.458572399860714,20
Laura_vs_Mario_alternating_50,Laura_vs_Mario_game_046,Agente Laura MCTS,Agente Mario,Agente Laura MCTS,agent_1,Agente Mario,first,100,0,100,46,2072,Agente Laura MCTS,100,Winner,agent_2,Agente Mario,loss,-1,30,9.813100099971052,0.6498851799871772,9.748277699807659,15
Laura_vs_Mario_alternating_50,Laura_vs_Mario_game_046,Agente Laura MCTS,Agente Mario,Agente Mario,agent_2,Agente Laura MCTS,second,0,100,0,46,2072,Agente Laura MCTS,100,Winner,agent_2,Agente Mario,win,1,30,9.813100099971052,0.004216146663141748,0.06324219994712621,15
Laura_vs_Mario_alternating_50,Laura_vs_Mario_game_047,Agente Mario,Agente Laura MCTS,Agente Mario,agent_1,Agente Laura MCTS,first,0,100,0,47,2073,Agente Mario,100,Winner,agent_2,Agente Laura MCTS,loss,-1,40,10.691212199977599,0.0037424399954034014,0.07484879990806803,20
Laura_vs_Mario_alternating_50,Laura_vs_Mario_game_047,Agente Mario,Agente Laura MCTS,Agente Laura MCTS,agent_2,Agente Mario,second,100,0,100,47,2073,Agente Mario,100,Winner,agent_2,Agente Laura MCTS,win,1,40,10.691212199977599,0.5307012499921256,10.614024999842513,20
Laura_vs_Mario_alternating_50,Laura_vs_Mario_game_048,Agente Laura MCTS,Agente Mario,Agente Laura MCTS,agent_1,Agente Mario,first,100,0,100,48,2074,Agente Laura MCTS,100,Winner,agent_2,Agente Mario,loss,-1,30,9.633572200022172,0.6380167199919621,9.570250799879432,15
Laura_vs_Mario_alternating_50,Laura_vs_Mario_game_048,Agente Laura MCTS,Agente Mario,Agente Mario,agent_2,Agente Laura MCTS,second,0,100,0,48,2074,Agente Laura MCTS,100,Winner,agent_2,Agente Mario,win,1,30,9.633572200022172,0.004123013338539749,0.06184520007809624,15
Laura_vs_Mario_alternating_50,Laura_vs_Mario_game_049,Agente Mario,Agente Laura MCTS,Agente Mario,agent_1,Agente Laura MCTS,first,0,100,0,49,2075,Agente Mario,100,Winner,agent_2,Agente Laura MCTS,loss,-1,40,10.591660399979446,0.0037255600007483737,0.07451120001496747,20
Laura_vs_Mario_alternating_50,Laura_vs_Mario_game_049,Agente Mario,Agente Laura MCTS,Agente Laura MCTS,agent_2,Agente Mario,second,100,0,100,49,2075,Agente Mario,100,Winner,agent_2,Agente Laura MCTS,win,1,40,10.591660399979446,0.5257404700096231,10.514809400192462,20
