experiment_id,match_id,agent_1,agent_2,focal_agent,focal_side,opponent,focal_color,trials,opponent_trials,configuration_trials,game_id,seed,starter,s_trials,laura_simulations,winner,winner_agent,result,score,num_moves,total_game_time,mean_decision_time,total_decision_time,num_decisions
S_vs_Laura_alternating_50,S_vs_Laura_game_000,Agente con rollouts heuristicos,Agente Laura MCTS,Agente con rollouts heuristicos,agent_1,Agente Laura MCTS,first,50,100,50,0,2026,Agente con rollouts heuristicos,50,100,agent_2,Agente Laura MCTS,loss,-1,36,32.906047499971464,1.3070576611272473,23.527037900290452,18
S_vs_Laura_alternating_50,S_vs_Laura_game_000,Agente con rollouts heuristicos,Agente Laura MCTS,Agente Laura MCTS,agent_2,Agente con rollouts heuristicos,second,100,50,100,0,2026,Agente con rollouts heuristicos,50,100,agent_2,Agente Laura MCTS,win,1,36,32.906047499971464,0.520928294446397,9.376709300035145,18
S_vs_Laura_alternating_50,S_vs_Laura_game_001,Agente Laura MCTS,Agente con rollouts heuristicos,Agente Laura MCTS,agent_1,Agente con rollouts heuristicos,first,100,50,100,1,2027,Agente Laura MCTS,50,100,agent_2,Agente con rollouts heuristicos,loss,-1,26,30.798698000027798,0.5919129076915292,7.694867799989879,13
S_vs_Laura_alternating_50,S_vs_Laura_game_001,Agente Laura MCTS,Agente con rollouts heuristicos,Agente con rollouts heuristicos,agent_2,Agente Laura MCTS,second,50,100,50,1,2027,Agente Laura MCTS,50,100,agent_2,Agente con rollouts heuristicos,win,1,26,30.798698000027798,1.7771073769231758,23.102395900001284,13
S_vs_Laura_alternating_50,S_vs_Laura_game_002,Agente con rollouts heuristicos,Agente Laura MCTS,Agente con rollouts heuristicos,agent_1,Agente Laura MCTS,first,50,100,50,2,2028,Agente con rollouts heuristicos,50,100,agent_1,Agente con rollouts heuristicos,win,1,7,10.78024789999472,2.1642632500006584,8.657053000002634,4
S_vs_Laura_alternating_50,S_vs_Laura_game_002,Agente con rollouts heuristicos,Agente Laura MCTS,Agente Laura MCTS,agent_2,Agente con rollouts heuristicos,second,100,50,100,2,2028,Agente con rollouts heuristicos,50,100,agent_1,Agente con rollouts heuristicos,loss,-1,7,10.78024789999472,0.7076577333306583,2.122973199991975,3
S_vs_Laura_alternating_50,S_vs_Laura_game_003,Agente Laura MCTS,Agente con rollouts heuristicos,Agente Laura MCTS,agent_1,Agente con rollouts heuristicos,first,100,50,100,3,2029,Agente Laura MCTS,50,100,agent_2,Agente con rollouts heuristicos,loss,-1,34,38.64352059998782,0.5818915470633382,9.89215630007675,17
S_vs_Laura_alternating_50,S_vs_Laura_game_003,Agente Laura MCTS,Agente con rollouts heuristicos,Agente con rollouts heuristicos,agent_2,Agente Laura MCTS,second,50,100,50,3,2029,Agente Laura MCTS,50,100,agent_2,Agente con rollouts heuristicos,win,1,34,38.64352059998782,1.691129141179023,28.74919540004339,17
S_vs_Laura_alternating_50,S_vs_Laura_game_004,Agente con rollouts heuristicos,Agente Laura MCTS,Agente con rollouts heuristicos,agent_1,Agente Laura MCTS,first,50,100,50,4,2030,Agente con rollouts heuristicos,50,100,agent_2,Agente Laura MCTS,loss,-1,36,31.21268349996535,1.3209355166699324,23.776839300058782,18
S_vs_Laura_alternating_50,S_vs_Laura_game_004,Agente con rollouts heuristicos,Agente Laura MCTS,Agente Laura MCTS,agent_2,Agente con rollouts heuristicos,second,100,50,100,4,2030,Agente con rollouts heuristicos,50,100,agent_2,Agente Laura MCTS,win,1,36,31.21268349996535,0.4129897722224187,7.4338159000035375,18
S_vs_Laura_alternating_50,S_vs_Laura_game_005,Agente Laura MCTS,Agente con rollouts heuristicos,Agente Laura MCTS,agent_1,Agente con rollouts heuristicos,first,100,50,100,5,2031,Agente Laura MCTS,50,100,agent_2,Agente con rollouts heuristicos,loss,-1,24,31.7111361999996,0.6346386249982364,7.615663499978837,12
S_vs_Laura_alternating_50,S_vs_Laura_game_005,Agente Laura MCTS,Agente con rollouts heuristicos,Agente con rollouts heuristicos,agent_2,Agente Laura MCTS,second,50,100,50,5,2031,Agente Laura MCTS,50,100,agent_2,Agente con rollouts heuristicos,win,1,24,31.7111361999996,2.007857741661913,24.094292899942957,12
S_vs_Laura_alternating_50,S_vs_Laura_game_006,Agente con rollouts heuristicos,Agente Laura MCTS,Agente con rollouts heuristicos,agent_1,Agente Laura MCTS,first,50,100,50,6,2032,Agente con rollouts heuristicos,50,100,agent_1,Agente con rollouts heuristicos,win,1,21,24.776492599979974,1.741965790903619,19.16162369993981,11
S_vs_Laura_alternating_50,S_vs_Laura_game_006,Agente con rollouts heuristicos,Agente Laura MCTS,Agente Laura MCTS,agent_2,Agente con rollouts heuristicos,second,100,50,100,6,2032,Agente con rollouts heuristicos,50,100,agent_1,Agente con rollouts heuristicos,loss,-1,21,24.776492599979974,0.5613989099860192,5.613989099860191,10
S_vs_Laura_alternating_50,S_vs_Laura_game_007,Agente Laura MCTS,Agente con rollouts heuristicos,Agente Laura MCTS,agent_1,Agente con rollouts heuristicos,first,100,50,100,7,2033,Agente Laura MCTS,50,100,agent_2,Agente con rollouts heuristicos,loss,-1,24,31.681256100011524,0.6406333916578054,7.687600699893665,12
S_vs_Laura_alternating_50,S_vs_Laura_game_007,Agente Laura MCTS,Agente con rollouts heuristicos,Agente con rollouts heuristicos,agent_2,Agente Laura MCTS,second,50,100,50,7,2033,Agente Laura MCTS,50,100,agent_2,Agente con rollouts heuristicos,win,1,24,31.681256100011524,1.999364483335133,23.992373800021596,12
S_vs_Laura_alternating_50,S_vs_Laura_game_008,Agente con rollouts heuristicos,Agente Laura MCTS,Agente con rollouts heuristicos,agent_1,Agente Laura MCTS,first,50,100,50,8,2034,Agente con rollouts heuristicos,50,100,agent_1,Agente con rollouts heuristicos,win,1,7,10.399759499996435,2.0830742249672767,8.332296899869107,4
S_vs_Laura_alternating_50,S_vs_Laura_game_008,Agente con rollouts heuristicos,Agente Laura MCTS,Agente Laura MCTS,agent_2,Agente con rollouts heuristicos,second,100,50,100,8,2034,Agente con rollouts heuristicos,50,100,agent_1,Agente con rollouts heuristicos,loss,-1,7,10.399759499996435,0.6890823333330142,2.0672469999990426,3
S_vs_Laura_alternating_50,S_vs_Laura_game_009,Agente Laura MCTS,Agente con rollouts heuristicos,Agente Laura MCTS,agent_1,Agente con rollouts heuristicos,first,100,50,100,9,2035,Agente Laura MCTS,50,100,agent_2,Agente con rollouts heuristicos,loss,-1,24,31.968537500011735,0.6500890666696554,7.801068800035864,12
S_vs_Laura_alternating_50,S_vs_Laura_game_009,Agente Laura MCTS,Agente con rollouts heuristicos,Agente con rollouts heuristicos,agent_2,Agente Laura MCTS,second,50,100,50,9,2035,Agente Laura MCTS,50,100,agent_2,Agente con rollouts heuristicos,win,1,24,31.968537500011735,2.013852391668479,24.166228700021747,12
S_vs_Laura_alternating_50,S_vs_Laura_game_010,Agente con rollouts heuristicos,Agente Laura MCTS,Agente con rollouts heuristicos,agent_1,Agente Laura MCTS,first,50,100,50,10,2036,Agente con rollouts heuristicos,50,100,agent_1,Agente con rollouts heuristicos,win,1,7,10.597862800001167,2.1032635500014294,8.413054200005718,4
S_vs_Laura_alternating_50,S_vs_Laura_game_010,Agente con rollouts heuristicos,Agente Laura MCTS,Agente Laura MCTS,agent_2,Agente con rollouts heuristicos,second,100,50,100,10,2036,Agente con rollouts heuristicos,50,100,agent_1,Agente con rollouts heuristicos,loss,-1,7,10.597862800001167,0.728203133350083,2.184609400050249,3
S_vs_Laura_alternating_50,S_vs_Laura_game_011,Agente Laura MCTS,Agente con rollouts heuristicos,Agente Laura MCTS,agent_1,Agente con rollouts heuristicos,first,100,50,100,11,2037,Agente Laura MCTS,50,100,draw,Draw,draw,0,42,41.895245200023055,0.5068694285804495,10.644258000189438,21
S_vs_Laura_alternating_50,S_vs_Laura_game_011,Agente Laura MCTS,Agente con rollouts heuristicos,Agente con rollouts heuristicos,agent_2,Agente Laura MCTS,second,50,100,50,11,2037,Agente Laura MCTS,50,100,draw,Draw,draw,0,42,41.895245200023055,1.4879958904708648,31.24791369988816,21
S_vs_Laura_alternating_50,S_vs_Laura_game_012,Agente con rollouts heuristicos,Agente Laura MCTS,Agente con rollouts heuristicos,agent_1,Agente Laura MCTS,first,50,100,50,12,2038,Agente con rollouts heuristicos,50,100,agent_1,Agente con rollouts heuristicos,win,1,37,33.32746339996811,1.3286936157873195,25.24517869995907,19
S_vs_Laura_alternating_50,S_vs_Laura_game_012,Agente con rollouts heuristicos,Agente Laura MCTS,Agente Laura MCTS,agent_2,Agente con rollouts heuristicos,second,100,50,100,12,2038,Agente con rollouts heuristicos,50,100,agent_1,Agente con rollouts heuristicos,loss,-1,37,33.32746339996811,0.4488987888875676,8.080178199976217,18
S_vs_Laura_alternating_50,S_vs_Laura_game_013,Agente Laura MCTS,Agente con rollouts heuristicos,Agente Laura MCTS,agent_1,Agente con rollouts heuristicos,first,100,50,100,13,2039,Agente Laura MCTS,50,100,agent_2,Agente con rollouts heuristicos,loss,-1,26,31.313959200051613,0.6319177153860577,8.21493030001875,13
S_vs_Laura_alternating_50,S_vs_Laura_game_013,Agente Laura MCTS,Agente con rollouts heuristicos,Agente con rollouts heuristicos,agent_2,Agente Laura MCTS,second,50,100,50,13,2039,Agente Laura MCTS,50,100,agent_2,Agente con rollouts heuristicos,win,1,26,31.313959200051613,1.7767335692232546,23.09753639990231,13
S_vs_Laura_alternating_50,S_vs_Laura_game_014,Agente con rollouts heuristicos,Agente Laura MCTS,Agente con rollouts heuristicos,agent_1,Agente Laura MCTS,first,50,100,50,14,2040,Agente con rollouts heuristicos,50,100,agent_1,Agente con rollouts heuristicos,win,1,21,24.687216600053944,1.7546006454504095,19.300607099954505,11
S_vs_Laura_alternating_50,S_vs_Laura_game_014,Agente con rollouts heuristicos,Agente Laura MCTS,Agente Laura MCTS,agent_2,Agente con rollouts heuristicos,second,100,50,100,14,2040,Agente con rollouts heuristicos,50,100,agent_1,Agente con rollouts heuristicos,loss,-1,21,24.687216600053944,0.5385667499969713,5.385667499969713,10
S_vs_Laura_alternating_50,S_vs_Laura_game_015,Agente Laura MCTS,Agente con rollouts heuristicos,Agente Laura MCTS,agent_1,Agente con rollouts heuristicos,first,100,50,100,15,2041,Agente Laura MCTS,50,100,agent_2,Agente con rollouts heuristicos,loss,-1,8,14.031639499997254,0.7850468249816913,3.1401872999267653,4
S_vs_Laura_alternating_50,S_vs_Laura_game_015,Agente Laura MCTS,Agente con rollouts heuristicos,Agente con rollouts heuristicos,agent_2,Agente Laura MCTS,second,50,100,50,15,2041,Agente Laura MCTS,50,100,agent_2,Agente con rollouts heuristicos,win,1,8,14.031639499997254,2.7228089999989606,10.891235999995843,4
S_vs_Laura_alternating_50,S_vs_Laura_game_016,Agente con rollouts heuristicos,Agente Laura MCTS,Agente con rollouts heuristicos,agent_1,Agente Laura MCTS,first,50,100,50,16,2042,Agente con rollouts heuristicos,50,100,agent_2,Agente Laura MCTS,loss,-1,42,35.16448030003812,1.275192209519446,26.779036399908364,21
S_vs_Laura_alternating_50,S_vs_Laura_game_016,Agente con rollouts heuristicos,Agente Laura MCTS,Agente Laura MCTS,agent_2,Agente con rollouts heuristicos,second,100,50,100,16,2042,Agente con rollouts heuristicos,50,100,agent_2,Agente Laura MCTS,win,1,42,35.16448030003812,0.39917993809406954,8.38277869997546,21
S_vs_Laura_alternating_50,S_vs_Laura_game_017,Agente Laura MCTS,Agente con rollouts heuristicos,Agente Laura MCTS,agent_1,Agente con rollouts heuristicos,first,100,50,100,17,2043,Agente Laura MCTS,50,100,agent_2,Agente con rollouts heuristicos,loss,-1,42,34.13910900003975,0.46035902857658495,9.667539600108285,21
S_vs_Laura_alternating_50,S_vs_Laura_game_017,Agente Laura MCTS,Agente con rollouts heuristicos,Agente con rollouts heuristicos,agent_2,Agente Laura MCTS,second,50,100,50,17,2043,Agente Laura MCTS,50,100,agent_2,Agente con rollouts heuristicos,win,1,42,34.13910900003975,1.1651682571391575,24.468533399922308,21
S_vs_Laura_alternating_50,S_vs_Laura_game_018,Agente con rollouts heuristicos,Agente Laura MCTS,Agente con rollouts heuristicos,agent_1,Agente Laura MCTS,first,50,100,50,18,2044,Agente con rollouts heuristicos,50,100,agent_1,Agente con rollouts heuristicos,win,1,9,14.557735099981073,2.1662577999639323,10.831288999819662,5
S_vs_Laura_alternating_50,S_vs_Laura_game_018,Agente con rollouts heuristicos,Agente Laura MCTS,Agente Laura MCTS,agent_2,Agente con rollouts heuristicos,second,100,50,100,18,2044,Agente con rollouts heuristicos,50,100,agent_1,Agente con rollouts heuristicos,loss,-1,9,14.557735099981073,0.9315436750039225,3.72617470001569,4
S_vs_Laura_alternating_50,S_vs_Laura_game_019,Agente Laura MCTS,Agente con rollouts heuristicos,Agente Laura MCTS,agent_1,Agente con rollouts heuristicos,first,100,50,100,19,2045,Agente Laura MCTS,50,100,agent_2,Agente con rollouts heuristicos,loss,-1,8,15.00527319998946,0.8801839000079781,3.5207356000319123,4
S_vs_Laura_alternating_50,S_vs_Laura_game_019,Agente Laura MCTS,Agente con rollouts heuristicos,Agente con rollouts heuristicos,agent_2,Agente Laura MCTS,second,50,100,50,19,2045,Agente Laura MCTS,50,100,agent_2,Agente con rollouts heuristicos,win,1,8,15.00527319998946,2.8710720999952173,11.48428839998087,4
S_vs_Laura_alternating_50,S_vs_Laura_game_020,Agente con rollouts heuristicos,Agente Laura MCTS,Agente con rollouts heuristicos,agent_1,Agente Laura MCTS,first,50,100,50,20,2046,Agente con rollouts heuristicos,50,100,agent_2,Agente Laura MCTS,loss,-1,42,31.757173600024544,1.047975004764296,22.007475100050215,21
S_vs_Laura_alternating_50,S_vs_Laura_game_020,Agente con rollouts heuristicos,Agente Laura MCTS,Agente Laura MCTS,agent_2,Agente con rollouts heuristicos,second,100,50,100,20,2046,Agente con rollouts heuristicos,50,100,agent_2,Agente Laura MCTS,win,1,42,31.757173600024544,0.4641172571351663,9.746462399838492,21
S_vs_Laura_alternating_50,S_vs_Laura_game_021,Agente Laura MCTS,Agente con rollouts heuristicos,Agente Laura MCTS,agent_1,Agente con rollouts heuristicos,first,100,50,100,21,2047,Agente Laura MCTS,50,100,agent_2,Agente con rollouts heuristicos,loss,-1,26,30.96768920001341,0.5882795384789531,7.64763400022639,13
S_vs_Laura_alternating_50,S_vs_Laura_game_021,Agente Laura MCTS,Agente con rollouts heuristicos,Agente con rollouts heuristicos,agent_2,Agente Laura MCTS,second,50,100,50,21,2047,Agente Laura MCTS,50,100,agent_2,Agente con rollouts heuristicos,win,1,26,30.96768920001341,1.7937261000042781,23.318439300055616,13
S_vs_Laura_alternating_50,S_vs_Laura_game_022,Agente con rollouts heuristicos,Agente Laura MCTS,Agente con rollouts heuristicos,agent_1,Agente Laura MCTS,first,50,100,50,22,2048,Agente con rollouts heuristicos,50,100,agent_1,Agente con rollouts heuristicos,win,1,7,13.400022499961779,2.769659799989313,11.078639199957252,4
S_vs_Laura_alternating_50,S_vs_Laura_game_022,Agente con rollouts heuristicos,Agente Laura MCTS,Agente Laura MCTS,agent_2,Agente con rollouts heuristicos,second,100,50,100,22,2048,Agente con rollouts heuristicos,50,100,agent_1,Agente con rollouts heuristicos,loss,-1,7,13.400022499961779,0.7736675666916805,2.3210027000750415,3
S_vs_Laura_alternating_50,S_vs_Laura_game_023,Agente Laura MCTS,Agente con rollouts heuristicos,Agente Laura MCTS,agent_1,Agente con rollouts heuristicos,first,100,50,100,23,2049,Agente Laura MCTS,50,100,agent_2,Agente con rollouts heuristicos,loss,-1,26,32.17898719996447,0.5779117461687957,7.512852700194344,13
S_vs_Laura_alternating_50,S_vs_Laura_game_023,Agente Laura MCTS,Agente con rollouts heuristicos,Agente con rollouts heuristicos,agent_2,Agente Laura MCTS,second,50,100,50,23,2049,Agente Laura MCTS,50,100,agent_2,Agente con rollouts heuristicos,win,1,26,32.17898719996447,1.897288969229871,24.664756599988323,13
S_vs_Laura_alternating_50,S_vs_Laura_game_024,Agente con rollouts heuristicos,Agente Laura MCTS,Agente con rollouts heuristicos,agent_1,Agente Laura MCTS,first,50,100,50,24,2050,Agente con rollouts heuristicos,50,100,agent_1,Agente con rollouts heuristicos,win,1,29,30.32841160002863,1.5065037066543785,22.597555599815678,15
S_vs_Laura_alternating_50,S_vs_Laura_game_024,Agente con rollouts heuristicos,Agente Laura MCTS,Agente Laura MCTS,agent_2,Agente con rollouts heuristicos,second,100,50,100,24,2050,Agente con rollouts heuristicos,50,100,agent_1,Agente con rollouts heuristicos,loss,-1,29,30.32841160002863,0.5520984642872853,7.729378500021994,14
S_vs_Laura_alternating_50,S_vs_Laura_game_025,Agente Laura MCTS,Agente con rollouts heuristicos,Agente Laura MCTS,agent_1,Agente con rollouts heuristicos,first,100,50,100,25,2051,Agente Laura MCTS,50,100,agent_2,Agente con rollouts heuristicos,loss,-1,20,36.32483009999851,0.7367985900084022,7.367985900084022,10
S_vs_Laura_alternating_50,S_vs_Laura_game_025,Agente Laura MCTS,Agente con rollouts heuristicos,Agente con rollouts heuristicos,agent_2,Agente Laura MCTS,second,50,100,50,25,2051,Agente Laura MCTS,50,100,agent_2,Agente con rollouts heuristicos,win,1,20,36.32483009999851,2.895604960003402,28.95604960003402,10
S_vs_Laura_alternating_50,S_vs_Laura_game_026,Agente con rollouts heuristicos,Agente Laura MCTS,Agente con rollouts heuristicos,agent_1,Agente Laura MCTS,first,50,100,50,26,2052,Agente con rollouts heuristicos,50,100,agent_2,Agente Laura MCTS,loss,-1,38,31.081060600001365,1.1780127631561634,22.382242499967106,19
S_vs_Laura_alternating_50,S_vs_Laura_game_026,Agente con rollouts heuristicos,Agente Laura MCTS,Agente Laura MCTS,agent_2,Agente con rollouts heuristicos,second,100,50,100,26,2052,Agente con rollouts heuristicos,50,100,agent_2,Agente Laura MCTS,win,1,38,31.081060600001365,0.4577160315851583,8.696604600118008,19
S_vs_Laura_alternating_50,S_vs_Laura_game_027,Agente Laura MCTS,Agente con rollouts heuristicos,Agente Laura MCTS,agent_1,Agente con rollouts heuristicos,first,100,50,100,27,2053,Agente Laura MCTS,50,100,agent_2,Agente con rollouts heuristicos,loss,-1,24,34.38427530002082,0.6759933833236573,8.111920599883888,12
S_vs_Laura_alternating_50,S_vs_Laura_game_027,Agente Laura MCTS,Agente con rollouts heuristicos,Agente con rollouts heuristicos,agent_2,Agente Laura MCTS,second,50,100,50,27,2053,Agente Laura MCTS,50,100,agent_2,Agente con rollouts heuristicos,win,1,24,34.38427530002082,2.189252566662617,26.271030799951404,12
S_vs_Laura_alternating_50,S_vs_Laura_game_028,Agente con rollouts heuristicos,Agente Laura MCTS,Agente con rollouts heuristicos,agent_1,Agente Laura MCTS,first,50,100,50,28,2054,Agente con rollouts heuristicos,50,100,agent_1,Agente con rollouts heuristicos,win,1,7,12.576446300023235,2.582236300004297,10.328945200017188,4
S_vs_Laura_alternating_50,S_vs_Laura_game_028,Agente con rollouts heuristicos,Agente Laura MCTS,Agente Laura MCTS,agent_2,Agente con rollouts heuristicos,second,100,50,100,28,2054,Agente con rollouts heuristicos,50,100,agent_1,Agente con rollouts heuristicos,loss,-1,7,12.576446300023235,0.749087066661256,2.247261199983768,3
S_vs_Laura_alternating_50,S_vs_Laura_game_029,Agente Laura MCTS,Agente con rollouts heuristicos,Agente Laura MCTS,agent_1,Agente con rollouts heuristicos,first,100,50,100,29,2055,Agente Laura MCTS,50,100,agent_2,Agente con rollouts heuristicos,loss,-1,24,36.17820739996387,0.7164951583351163,8.597941900021397,12
S_vs_Laura_alternating_50,S_vs_Laura_game_029,Agente Laura MCTS,Agente con rollouts heuristicos,Agente con rollouts heuristicos,agent_2,Agente Laura MCTS,second,50,100,50,29,2055,Agente Laura MCTS,50,100,agent_2,Agente con rollouts heuristicos,win,1,24,36.17820739996387,2.298243466662825,27.5789215999539,12
S_vs_Laura_alternating_50,S_vs_Laura_game_030,Agente con rollouts heuristicos,Agente Laura MCTS,Agente con rollouts heuristicos,agent_1,Agente Laura MCTS,first,50,100,50,30,2056,Agente con rollouts heuristicos,50,100,agent_1,Agente con rollouts heuristicos,win,1,7,12.490389799990226,2.5708379249845166,10.283351699938066,4
S_vs_Laura_alternating_50,S_vs_Laura_game_030,Agente con rollouts heuristicos,Agente Laura MCTS,Agente Laura MCTS,agent_2,Agente con rollouts heuristicos,second,100,50,100,30,2056,Agente con rollouts heuristicos,50,100,agent_1,Agente con rollouts heuristicos,loss,-1,7,12.490389799990226,0.7356054333310263,2.206816299993079,3
S_vs_Laura_alternating_50,S_vs_Laura_game_031,Agente Laura MCTS,Agente con rollouts heuristicos,Agente Laura MCTS,agent_1,Agente con rollouts heuristicos,first,100,50,100,31,2057,Agente Laura MCTS,50,100,agent_2,Agente con rollouts heuristicos,loss,-1,8,16.98975760000758,0.9148953749972861,3.6595814999891445,4
S_vs_Laura_alternating_50,S_vs_Laura_game_031,Agente Laura MCTS,Agente con rollouts heuristicos,Agente con rollouts heuristicos,agent_2,Agente Laura MCTS,second,50,100,50,31,2057,Agente Laura MCTS,50,100,agent_2,Agente con rollouts heuristicos,win,1,8,16.98975760000758,3.3324885000183713,13.329954000073485,4
S_vs_Laura_alternating_50,S_vs_Laura_game_032,Agente con rollouts heuristicos,Agente Laura MCTS,Agente con rollouts heuristicos,agent_1,Agente Laura MCTS,first,50,100,50,32,2058,Agente con rollouts heuristicos,50,100,agent_1,Agente con rollouts heuristicos,win,1,29,29.003278699994553,1.5065834933309816,22.598752399964724,15
S_vs_Laura_alternating_50,S_vs_Laura_game_032,Agente con rollouts heuristicos,Agente Laura MCTS,Agente Laura MCTS,agent_2,Agente con rollouts heuristicos,second,100,50,100,32,2058,Agente con rollouts heuristicos,50,100,agent_1,Agente con rollouts heuristicos,loss,-1,29,29.003278699994553,0.4573534285757757,6.40294800006086,14
S_vs_Laura_alternating_50,S_vs_Laura_game_033,Agente Laura MCTS,Agente con rollouts heuristicos,Agente Laura MCTS,agent_1,Agente con rollouts heuristicos,first,100,50,100,33,2059,Agente Laura MCTS,50,100,agent_2,Agente con rollouts heuristicos,loss,-1,28,34.79033009998966,0.5870349285749918,8.218489000049885,14
S_vs_Laura_alternating_50,S_vs_Laura_game_033,Agente Laura MCTS,Agente con rollouts heuristicos,Agente con rollouts heuristicos,agent_2,Agente Laura MCTS,second,50,100,50,33,2059,Agente Laura MCTS,50,100,agent_2,Agente con rollouts heuristicos,win,1,28,34.79033009998966,1.8978948285636892,26.570527599891648,14
S_vs_Laura_alternating_50,S_vs_Laura_game_034,Agente con rollouts heuristicos,Agente Laura MCTS,Agente con rollouts heuristicos,agent_1,Agente Laura MCTS,first,50,100,50,34,2060,Agente con rollouts heuristicos,50,100,agent_1,Agente con rollouts heuristicos,win,1,7,12.2531482000486,2.549704524994013,10.198818099976052,4
S_vs_Laura_alternating_50,S_vs_Laura_game_034,Agente con rollouts heuristicos,Agente Laura MCTS,Agente Laura MCTS,agent_2,Agente con rollouts heuristicos,second,100,50,100,34,2060,Agente con rollouts heuristicos,50,100,agent_1,Agente con rollouts heuristicos,loss,-1,7,12.2531482000486,0.6846775333591116,2.054032600077335,3
S_vs_Laura_alternating_50,S_vs_Laura_game_035,Agente Laura MCTS,Agente con rollouts heuristicos,Agente Laura MCTS,agent_1,Agente con rollouts heuristicos,first,100,50,100,35,2061,Agente Laura MCTS,50,100,agent_2,Agente con rollouts heuristicos,loss,-1,8,15.915393200004473,0.9012378000334138,3.604951200133655,4
S_vs_Laura_alternating_50,S_vs_Laura_game_035,Agente Laura MCTS,Agente con rollouts heuristicos,Agente con rollouts heuristicos,agent_2,Agente Laura MCTS,second,50,100,50,35,2061,Agente Laura MCTS,50,100,agent_2,Agente con rollouts heuristicos,win,1,8,15.915393200004473,3.0775436499825446,12.310174599930178,4
S_vs_Laura_alternating_50,S_vs_Laura_game_036,Agente con rollouts heuristicos,Agente Laura MCTS,Agente con rollouts heuristicos,agent_1,Agente Laura MCTS,first,50,100,50,36,2062,Agente con rollouts heuristicos,50,100,agent_1,Agente con rollouts heuristicos,win,1,7,10.860737800016068,2.1889086249866523,8.75563449994661,4
S_vs_Laura_alternating_50,S_vs_Laura_game_036,Agente con rollouts heuristicos,Agente Laura MCTS,Agente Laura MCTS,agent_2,Agente con rollouts heuristicos,second,100,50,100,36,2062,Agente con rollouts heuristicos,50,100,agent_1,Agente con rollouts heuristicos,loss,-1,7,10.860737800016068,0.7016368999805612,2.1049106999416836,3
S_vs_Laura_alternating_50,S_vs_Laura_game_037,Agente Laura MCTS,Agente con rollouts heuristicos,Agente Laura MCTS,agent_1,Agente con rollouts heuristicos,first,100,50,100,37,2063,Agente Laura MCTS,50,100,agent_2,Agente con rollouts heuristicos,loss,-1,28,31.73813379998319,0.5959040428486853,8.342656599881593,14
S_vs_Laura_alternating_50,S_vs_Laura_game_037,Agente Laura MCTS,Agente con rollouts heuristicos,Agente con rollouts heuristicos,agent_2,Agente Laura MCTS,second,50,100,50,37,2063,Agente Laura MCTS,50,100,agent_2,Agente con rollouts heuristicos,win,1,28,31.73813379998319,1.670965250003584,23.393513500050176,14
S_vs_Laura_alternating_50,S_vs_Laura_game_038,Agente con rollouts heuristicos,Agente Laura MCTS,Agente con rollouts heuristicos,agent_1,Agente Laura MCTS,first,50,100,50,38,2064,Agente con rollouts heuristicos,50,100,agent_1,Agente con rollouts heuristicos,win,1,9,13.638112500018906,2.023406120017171,10.117030600085855,5
S_vs_Laura_alternating_50,S_vs_Laura_game_038,Agente con rollouts heuristicos,Agente Laura MCTS,Agente Laura MCTS,agent_2,Agente con rollouts heuristicos,second,100,50,100,38,2064,Agente con rollouts heuristicos,50,100,agent_1,Agente con rollouts heuristicos,loss,-1,9,13.638112500018906,0.8801978749834234,3.5207914999336936,4
S_vs_Laura_alternating_50,S_vs_Laura_game_039,Agente Laura MCTS,Agente con rollouts heuristicos,Agente Laura MCTS,agent_1,Agente con rollouts heuristicos,first,100,50,100,39,2065,Agente Laura MCTS,50,100,agent_2,Agente con rollouts heuristicos,loss,-1,20,33.63234020001255,0.7282301499973982,7.282301499973983,10
S_vs_Laura_alternating_50,S_vs_Laura_game_039,Agente Laura MCTS,Agente con rollouts heuristicos,Agente con rollouts heuristicos,agent_2,Agente Laura MCTS,second,50,100,50,39,2065,Agente Laura MCTS,50,100,agent_2,Agente con rollouts heuristicos,win,1,20,33.63234020001255,2.63492301000515,26.3492301000515,10
S_vs_Laura_alternating_50,S_vs_Laura_game_040,Agente con rollouts heuristicos,Agente Laura MCTS,Agente con rollouts heuristicos,agent_1,Agente Laura MCTS,first,50,100,50,40,2066,Agente con rollouts heuristicos,50,100,agent_1,Agente con rollouts heuristicos,win,1,7,11.47242720000213,2.336643374990672,9.346573499962687,4
S_vs_Laura_alternating_50,S_vs_Laura_game_040,Agente con rollouts heuristicos,Agente Laura MCTS,Agente Laura MCTS,agent_2,Agente con rollouts heuristicos,second,100,50,100,40,2066,Agente con rollouts heuristicos,50,100,agent_1,Agente con rollouts heuristicos,loss,-1,7,11.47242720000213,0.7085471333314975,2.1256413999944925,3
S_vs_Laura_alternating_50,S_vs_Laura_game_041,Agente Laura MCTS,Agente con rollouts heuristicos,Agente Laura MCTS,agent_1,Agente con rollouts heuristicos,first,100,50,100,41,2067,Agente Laura MCTS,50,100,agent_2,Agente con rollouts heuristicos,loss,-1,24,32.94874650001293,0.6706774583387111,8.048129500064533,12
S_vs_Laura_alternating_50,S_vs_Laura_game_041,Agente Laura MCTS,Agente con rollouts heuristicos,Agente con rollouts heuristicos,agent_2,Agente Laura MCTS,second,50,100,50,41,2067,Agente Laura MCTS,50,100,agent_2,Agente con rollouts heuristicos,win,1,24,32.94874650001293,2.074950100000327,24.899401200003922,12
S_vs_Laura_alternating_50,S_vs_Laura_game_042,Agente con rollouts heuristicos,Agente Laura MCTS,Agente con rollouts heuristicos,agent_1,Agente Laura MCTS,first,50,100,50,42,2068,Agente con rollouts heuristicos,50,100,agent_1,Agente con rollouts heuristicos,win,1,7,11.252896199992392,2.249870400002692,8.999481600010768,4
S_vs_Laura_alternating_50,S_vs_Laura_game_042,Agente con rollouts heuristicos,Agente Laura MCTS,Agente Laura MCTS,agent_2,Agente con rollouts heuristicos,second,100,50,100,42,2068,Agente con rollouts heuristicos,50,100,agent_1,Agente con rollouts heuristicos,loss,-1,7,11.252896199992392,0.7510580666324435,2.2531741998973303,3
S_vs_Laura_alternating_50,S_vs_Laura_game_043,Agente Laura MCTS,Agente con rollouts heuristicos,Agente Laura MCTS,agent_1,Agente con rollouts heuristicos,first,100,50,100,43,2069,Agente Laura MCTS,50,100,agent_2,Agente con rollouts heuristicos,loss,-1,24,33.2401477000094,0.6668910833347278,8.002693000016734,12
S_vs_Laura_alternating_50,S_vs_Laura_game_043,Agente Laura MCTS,Agente con rollouts heuristicos,Agente con rollouts heuristicos,agent_2,Agente Laura MCTS,second,50,100,50,43,2069,Agente Laura MCTS,50,100,agent_2,Agente con rollouts heuristicos,win,1,24,33.2401477000094,2.1030052750041555,25.236063300049864,12
S_vs_Laura_alternating_50,S_vs_Laura_game_044,Agente con rollouts heuristicos,Agente Laura MCTS,Agente con rollouts heuristicos,agent_1,Agente Laura MCTS,first,50,100,50,44,2070,Agente con rollouts heuristicos,50,100,draw,Draw,draw,0,42,34.298349799995776,1.2012498666715277,25.22624720010208,21
S_vs_Laura_alternating_50,S_vs_Laura_game_044,Agente con rollouts heuristicos,Agente Laura MCTS,Agente Laura MCTS,agent_2,Agente con rollouts heuristicos,second,100,50,100,44,2070,Agente con rollouts heuristicos,50,100,draw,Draw,draw,0,42,34.298349799995776,0.431866161893898,9.069189399771858,21
S_vs_Laura_alternating_50,S_vs_Laura_game_045,Agente Laura MCTS,Agente con rollouts heuristicos,Agente Laura MCTS,agent_1,Agente con rollouts heuristicos,first,100,50,100,45,2071,Agente Laura MCTS,50,100,agent_2,Agente con rollouts heuristicos,loss,-1,20,31.120694499986712,0.7241197600145824,7.241197600145824,10
S_vs_Laura_alternating_50,S_vs_Laura_game_045,Agente Laura MCTS,Agente con rollouts heuristicos,Agente con rollouts heuristicos,agent_2,Agente Laura MCTS,second,50,100,50,45,2071,Agente Laura MCTS,50,100,agent_2,Agente con rollouts heuristicos,win,1,20,31.120694499986712,2.3878656299959404,23.878656299959403,10
S_vs_Laura_alternating_50,S_vs_Laura_game_046,Agente con rollouts heuristicos,Agente Laura MCTS,Agente con rollouts heuristicos,agent_1,Agente Laura MCTS,first,50,100,50,46,2072,Agente con rollouts heuristicos,50,100,agent_1,Agente con rollouts heuristicos,win,1,9,12.629086699977051,1.9001668800134213,9.500834400067106,5
S_vs_Laura_alternating_50,S_vs_Laura_game_046,Agente con rollouts heuristicos,Agente Laura MCTS,Agente Laura MCTS,agent_2,Agente con rollouts heuristicos,second,100,50,100,46,2072,Agente con rollouts heuristicos,50,100,agent_1,Agente con rollouts heuristicos,loss,-1,9,12.629086699977051,0.7819786250038305,3.127914500015322,4
S_vs_Laura_alternating_50,S_vs_Laura_game_047,Agente Laura MCTS,Agente con rollouts heuristicos,Agente Laura MCTS,agent_1,Agente con rollouts heuristicos,first,100,50,100,47,2073,Agente Laura MCTS,50,100,agent_2,Agente con rollouts heuristicos,loss,-1,28,29.723393499967642,0.5343495714187156,7.480893999862019,14
S_vs_Laura_alternating_50,S_vs_Laura_game_047,Agente Laura MCTS,Agente con rollouts heuristicos,Agente con rollouts heuristicos,agent_2,Agente Laura MCTS,second,50,100,50,47,2073,Agente Laura MCTS,50,100,agent_2,Agente con rollouts heuristicos,win,1,28,29.723393499967642,1.588629707136923,22.240815899916925,14
S_vs_Laura_alternating_50,S_vs_Laura_game_048,Agente con rollouts heuristicos,Agente Laura MCTS,Agente con rollouts heuristicos,agent_1,Agente Laura MCTS,first,50,100,50,48,2074,Agente con rollouts heuristicos,50,100,agent_1,Agente con rollouts heuristicos,win,1,7,10.566833499993663,2.128967274999013,8.515869099996053,4
S_vs_Laura_alternating_50,S_vs_Laura_game_048,Agente con rollouts heuristicos,Agente Laura MCTS,Agente Laura MCTS,agent_2,Agente con rollouts heuristicos,second,100,50,100,48,2074,Agente con rollouts heuristicos,50,100,agent_1,Agente con rollouts heuristicos,loss,-1,7,10.566833499993663,0.6835818333202042,2.0507454999606125,3
S_vs_Laura_alternating_50,S_vs_Laura_game_049,Agente Laura MCTS,Agente con rollouts heuristicos,Agente Laura MCTS,agent_1,Agente con rollouts heuristicos,first,100,50,100,49,2075,Agente Laura MCTS,50,100,agent_2,Agente con rollouts heuristicos,loss,-1,24,31.637897500011604,0.6434320500023508,7.721184600028209,12
S_vs_Laura_alternating_50,S_vs_Laura_game_049,Agente Laura MCTS,Agente con rollouts heuristicos,Agente con rollouts heuristicos,agent_2,Agente Laura MCTS,second,50,100,50,49,2075,Agente Laura MCTS,50,100,agent_2,Agente con rollouts heuristicos,win,1,24,31.637897500011604,1.992949391657021,23.91539269988425,12
