experiment_id,match_id,agent_1,agent_2,focal_agent,focal_side,opponent,focal_color,trials,opponent_trials,configuration_trials,game_id,seed,starter,s_trials,mario_agent,winner,winner_agent,result,score,num_moves,total_game_time,mean_decision_time,total_decision_time,num_decisions
S_vs_Mario_alternating_50,S_vs_Mario_game_000,Agente con rollouts heuristicos,Agente Mario,Agente con rollouts heuristicos,agent_1,Agente Mario,first,50,0,50,0,2026,Agente con rollouts heuristicos,50,Winner,agent_1,Agente con rollouts heuristicos,win,1,7,7.418940499948803,1.8515732000087155,7.406292800034862,4
S_vs_Mario_alternating_50,S_vs_Mario_game_000,Agente con rollouts heuristicos,Agente Mario,Agente Mario,agent_2,Agente con rollouts heuristicos,second,0,50,0,0,2026,Agente con rollouts heuristicos,50,Winner,agent_1,Agente con rollouts heuristicos,loss,-1,7,7.418940499948803,0.004148633316314469,0.012445899948943406,3
S_vs_Mario_alternating_50,S_vs_Mario_game_001,Agente Mario,Agente con rollouts heuristicos,Agente Mario,agent_1,Agente con rollouts heuristicos,first,0,50,0,1,2027,Agente Mario,50,Winner,draw,Draw,draw,0,42,24.418194300029427,0.004204338086613764,0.08829109981888905,21
S_vs_Mario_alternating_50,S_vs_Mario_game_001,Agente Mario,Agente con rollouts heuristicos,Agente con rollouts heuristicos,agent_2,Agente Mario,second,50,0,50,1,2027,Agente Mario,50,Winner,draw,Draw,draw,0,42,24.418194300029427,1.1584203333422054,24.326827000186313,21
S_vs_Mario_alternating_50,S_vs_Mario_game_002,Agente con rollouts heuristicos,Agente Mario,Agente con rollouts heuristicos,agent_1,Agente Mario,first,50,0,50,2,2028,Agente con rollouts heuristicos,50,Winner,agent_1,Agente con rollouts heuristicos,win,1,9,8.9267731999862,1.7817987400107085,8.908993700053543,5
S_vs_Mario_alternating_50,S_vs_Mario_game_002,Agente con rollouts heuristicos,Agente Mario,Agente Mario,agent_2,Agente con rollouts heuristicos,second,0,50,0,2,2028,Agente con rollouts heuristicos,50,Winner,agent_1,Agente con rollouts heuristicos,loss,-1,9,8.9267731999862,0.004376474971650168,0.017505899886600673,4
S_vs_Mario_alternating_50,S_vs_Mario_game_003,Agente Mario,Agente con rollouts heuristicos,Agente Mario,agent_1,Agente con rollouts heuristicos,first,0,50,0,3,2029,Agente Mario,50,Winner,draw,Draw,draw,0,42,24.755704800016247,0.004098409520728248,0.0860665999352932,21
S_vs_Mario_alternating_50,S_vs_Mario_game_003,Agente Mario,Agente con rollouts heuristicos,Agente con rollouts heuristicos,agent_2,Agente Mario,second,50,0,50,3,2029,Agente Mario,50,Winner,draw,Draw,draw,0,42,24.755704800016247,1.1746125666679637,24.666863900027238,21
S_vs_Mario_alternating_50,S_vs_Mario_game_004,Agente con rollouts heuristicos,Agente Mario,Agente con rollouts heuristicos,agent_1,Agente Mario,first,50,0,50,4,2030,Agente con rollouts heuristicos,50,Winner,agent_1,Agente con rollouts heuristicos,win,1,9,9.152090700052213,1.826547260012012,9.13273630006006,5
S_vs_Mario_alternating_50,S_vs_Mario_game_004,Agente con rollouts heuristicos,Agente Mario,Agente Mario,agent_2,Agente con rollouts heuristicos,second,0,50,0,4,2030,Agente con rollouts heuristicos,50,Winner,agent_1,Agente con rollouts heuristicos,loss,-1,9,9.152090700052213,0.004767649996210821,0.019070599984843284,4
S_vs_Mario_alternating_50,S_vs_Mario_game_005,Agente Mario,Agente con rollouts heuristicos,Agente Mario,agent_1,Agente con rollouts heuristicos,first,0,50,0,5,2031,Agente Mario,50,Winner,agent_1,Agente Mario,win,1,39,23.819628900033422,0.004261395006324165,0.08522790012648329,20
S_vs_Mario_alternating_50,S_vs_Mario_game_005,Agente Mario,Agente con rollouts heuristicos,Agente con rollouts heuristicos,agent_2,Agente Mario,second,50,0,50,5,2031,Agente Mario,50,Winner,agent_1,Agente Mario,loss,-1,39,23.819628900033422,1.2490259315910455,23.731492700229865,19
S_vs_Mario_alternating_50,S_vs_Mario_game_006,Agente con rollouts heuristicos,Agente Mario,Agente con rollouts heuristicos,agent_1,Agente Mario,first,50,0,50,6,2032,Agente con rollouts heuristicos,50,Winner,agent_1,Agente con rollouts heuristicos,win,1,7,7.702099399990402,1.922174149993225,7.6886965999729,4
S_vs_Mario_alternating_50,S_vs_Mario_game_006,Agente con rollouts heuristicos,Agente Mario,Agente Mario,agent_2,Agente con rollouts heuristicos,second,0,50,0,6,2032,Agente con rollouts heuristicos,50,Winner,agent_1,Agente con rollouts heuristicos,loss,-1,7,7.702099399990402,0.00440766664299493,0.013222999928984791,3
S_vs_Mario_alternating_50,S_vs_Mario_game_007,Agente Mario,Agente con rollouts heuristicos,Agente Mario,agent_1,Agente con rollouts heuristicos,first,0,50,0,7,2033,Agente Mario,50,Winner,agent_2,Agente con rollouts heuristicos,loss,-1,30,24.668584000028204,0.004855339985806495,0.07283009978709742,15
S_vs_Mario_alternating_50,S_vs_Mario_game_007,Agente Mario,Agente con rollouts heuristicos,Agente con rollouts heuristicos,agent_2,Agente Mario,second,50,0,50,7,2033,Agente Mario,50,Winner,agent_2,Agente con rollouts heuristicos,win,1,30,24.668584000028204,1.6396011400036514,24.59401710005477,15
S_vs_Mario_alternating_50,S_vs_Mario_game_008,Agente con rollouts heuristicos,Agente Mario,Agente con rollouts heuristicos,agent_1,Agente Mario,first,50,0,50,8,2034,Agente con rollouts heuristicos,50,Winner,agent_1,Agente con rollouts heuristicos,win,1,7,7.448939000023529,1.85926534999453,7.43706139997812,4
S_vs_Mario_alternating_50,S_vs_Mario_game_008,Agente con rollouts heuristicos,Agente Mario,Agente Mario,agent_2,Agente con rollouts heuristicos,second,0,50,0,8,2034,Agente con rollouts heuristicos,50,Winner,agent_1,Agente con rollouts heuristicos,loss,-1,7,7.448939000023529,0.003896666671304653,0.01169000001391396,3
S_vs_Mario_alternating_50,S_vs_Mario_game_009,Agente Mario,Agente con rollouts heuristicos,Agente Mario,agent_1,Agente con rollouts heuristicos,first,0,50,0,9,2035,Agente Mario,50,Winner,draw,Draw,draw,0,42,26.06083710002713,0.004418733344036376,0.0927934002247639,21
S_vs_Mario_alternating_50,S_vs_Mario_game_009,Agente Mario,Agente con rollouts heuristicos,Agente con rollouts heuristicos,agent_2,Agente Mario,second,50,0,50,9,2035,Agente Mario,50,Winner,draw,Draw,draw,0,42,26.06083710002713,1.2364420333289585,25.96528269990813,21
S_vs_Mario_alternating_50,S_vs_Mario_game_010,Agente con rollouts heuristicos,Agente Mario,Agente con rollouts heuristicos,agent_1,Agente Mario,first,50,0,50,10,2036,Agente con rollouts heuristicos,50,Winner,agent_1,Agente con rollouts heuristicos,win,1,7,7.647089500038419,1.9087252499884926,7.63490099995397,4
S_vs_Mario_alternating_50,S_vs_Mario_game_010,Agente con rollouts heuristicos,Agente Mario,Agente Mario,agent_2,Agente con rollouts heuristicos,second,0,50,0,10,2036,Agente con rollouts heuristicos,50,Winner,agent_1,Agente con rollouts heuristicos,loss,-1,7,7.647089500038419,0.003992133347007136,0.011976400041021407,3
S_vs_Mario_alternating_50,S_vs_Mario_game_011,Agente Mario,Agente con rollouts heuristicos,Agente Mario,agent_1,Agente con rollouts heuristicos,first,0,50,0,11,2037,Agente Mario,50,Winner,agent_2,Agente con rollouts heuristicos,loss,-1,24,23.631637800019234,0.004837733339324283,0.0580528000718914,12
S_vs_Mario_alternating_50,S_vs_Mario_game_011,Agente Mario,Agente con rollouts heuristicos,Agente con rollouts heuristicos,agent_2,Agente Mario,second,50,0,50,11,2037,Agente Mario,50,Winner,agent_2,Agente con rollouts heuristicos,win,1,24,23.631637800019234,1.964368275012627,23.572419300151523,12
S_vs_Mario_alternating_50,S_vs_Mario_game_012,Agente con rollouts heuristicos,Agente Mario,Agente con rollouts heuristicos,agent_1,Agente Mario,first,50,0,50,12,2038,Agente con rollouts heuristicos,50,Winner,agent_1,Agente con rollouts heuristicos,win,1,7,7.964596400037408,1.9879093499912415,7.951637399964966,4
S_vs_Mario_alternating_50,S_vs_Mario_game_012,Agente con rollouts heuristicos,Agente Mario,Agente Mario,agent_2,Agente con rollouts heuristicos,second,0,50,0,12,2038,Agente con rollouts heuristicos,50,Winner,agent_1,Agente con rollouts heuristicos,loss,-1,7,7.964596400037408,0.004254966663817565,0.012764899991452694,3
S_vs_Mario_alternating_50,S_vs_Mario_game_013,Agente Mario,Agente con rollouts heuristicos,Agente Mario,agent_1,Agente con rollouts heuristicos,first,0,50,0,13,2039,Agente Mario,50,Winner,draw,Draw,draw,0,42,26.313259400019888,0.0044640428497500365,0.09374489984475076,21
S_vs_Mario_alternating_50,S_vs_Mario_game_013,Agente Mario,Agente con rollouts heuristicos,Agente con rollouts heuristicos,agent_2,Agente Mario,second,50,0,50,13,2039,Agente Mario,50,Winner,draw,Draw,draw,0,42,26.313259400019888,1.248417014294925,26.21675730019342,21
S_vs_Mario_alternating_50,S_vs_Mario_game_014,Agente con rollouts heuristicos,Agente Mario,Agente con rollouts heuristicos,agent_1,Agente Mario,first,50,0,50,14,2040,Agente con rollouts heuristicos,50,Winner,agent_1,Agente con rollouts heuristicos,win,1,7,7.595250700018369,1.8950538000062807,7.580215200025123,4
S_vs_Mario_alternating_50,S_vs_Mario_game_014,Agente con rollouts heuristicos,Agente Mario,Agente Mario,agent_2,Agente con rollouts heuristicos,second,0,50,0,14,2040,Agente con rollouts heuristicos,50,Winner,agent_1,Agente con rollouts heuristicos,loss,-1,7,7.595250700018369,0.004938066684796165,0.014814200054388493,3
S_vs_Mario_alternating_50,S_vs_Mario_game_015,Agente Mario,Agente con rollouts heuristicos,Agente Mario,agent_1,Agente con rollouts heuristicos,first,0,50,0,15,2041,Agente Mario,50,Winner,agent_2,Agente con rollouts heuristicos,loss,-1,24,24.274704700044822,0.004733866667568994,0.05680640001082793,12
S_vs_Mario_alternating_50,S_vs_Mario_game_015,Agente Mario,Agente con rollouts heuristicos,Agente con rollouts heuristicos,agent_2,Agente Mario,second,50,0,50,15,2041,Agente Mario,50,Winner,agent_2,Agente con rollouts heuristicos,win,1,24,24.274704700044822,2.018064991668022,24.216779900016263,12
S_vs_Mario_alternating_50,S_vs_Mario_game_016,Agente con rollouts heuristicos,Agente Mario,Agente con rollouts heuristicos,agent_1,Agente Mario,first,50,0,50,16,2042,Agente con rollouts heuristicos,50,Winner,agent_1,Agente con rollouts heuristicos,win,1,7,7.57155779999448,1.8898881750064902,7.559552700025961,4
S_vs_Mario_alternating_50,S_vs_Mario_game_016,Agente con rollouts heuristicos,Agente Mario,Agente Mario,agent_2,Agente con rollouts heuristicos,second,0,50,0,16,2042,Agente con rollouts heuristicos,50,Winner,agent_1,Agente con rollouts heuristicos,loss,-1,7,7.57155779999448,0.00393753331930687,0.011812599957920611,3
S_vs_Mario_alternating_50,S_vs_Mario_game_017,Agente Mario,Agente con rollouts heuristicos,Agente Mario,agent_1,Agente con rollouts heuristicos,first,0,50,0,17,2043,Agente Mario,50,Winner,agent_1,Agente Mario,win,1,41,24.200343600008637,0.004295985716106813,0.09021570003824309,21
S_vs_Mario_alternating_50,S_vs_Mario_game_017,Agente Mario,Agente con rollouts heuristicos,Agente con rollouts heuristicos,agent_2,Agente Mario,second,50,0,50,17,2043,Agente Mario,50,Winner,agent_1,Agente Mario,loss,-1,41,24.200343600008637,1.2053693000023487,24.107386000046972,20
S_vs_Mario_alternating_50,S_vs_Mario_game_018,Agente con rollouts heuristicos,Agente Mario,Agente con rollouts heuristicos,agent_1,Agente Mario,first,50,0,50,18,2044,Agente con rollouts heuristicos,50,Winner,agent_1,Agente con rollouts heuristicos,win,1,7,7.8244041000143625,1.9532732250081608,7.813092900032643,4
S_vs_Mario_alternating_50,S_vs_Mario_game_018,Agente con rollouts heuristicos,Agente Mario,Agente Mario,agent_2,Agente con rollouts heuristicos,second,0,50,0,18,2044,Agente con rollouts heuristicos,50,Winner,agent_1,Agente con rollouts heuristicos,loss,-1,7,7.8244041000143625,0.0037072999984957278,0.011121899995487183,3
S_vs_Mario_alternating_50,S_vs_Mario_game_019,Agente Mario,Agente con rollouts heuristicos,Agente Mario,agent_1,Agente con rollouts heuristicos,first,0,50,0,19,2045,Agente Mario,50,Winner,draw,Draw,draw,0,42,24.66374160000123,0.004139447631868755,0.08692840026924387,21
S_vs_Mario_alternating_50,S_vs_Mario_game_019,Agente Mario,Agente con rollouts heuristicos,Agente con rollouts heuristicos,agent_2,Agente Mario,second,50,0,50,19,2045,Agente Mario,50,Winner,draw,Draw,draw,0,42,24.66374160000123,1.1701959904721229,24.57411579991458,21
S_vs_Mario_alternating_50,S_vs_Mario_game_020,Agente con rollouts heuristicos,Agente Mario,Agente con rollouts heuristicos,agent_1,Agente Mario,first,50,0,50,20,2046,Agente con rollouts heuristicos,50,Winner,agent_1,Agente con rollouts heuristicos,win,1,7,7.759596100018825,1.936943724998855,7.74777489999542,4
S_vs_Mario_alternating_50,S_vs_Mario_game_020,Agente con rollouts heuristicos,Agente Mario,Agente Mario,agent_2,Agente con rollouts heuristicos,second,0,50,0,20,2046,Agente con rollouts heuristicos,50,Winner,agent_1,Agente con rollouts heuristicos,loss,-1,7,7.759596100018825,0.0038780999990801015,0.011634299997240305,3
S_vs_Mario_alternating_50,S_vs_Mario_game_021,Agente Mario,Agente con rollouts heuristicos,Agente Mario,agent_1,Agente con rollouts heuristicos,first,0,50,0,21,2047,Agente Mario,50,Winner,agent_2,Agente con rollouts heuristicos,loss,-1,26,20.489852200029418,0.004739115381828294,0.06160849996376783,13
S_vs_Mario_alternating_50,S_vs_Mario_game_021,Agente Mario,Agente con rollouts heuristicos,Agente con rollouts heuristicos,agent_2,Agente Mario,second,50,0,50,21,2047,Agente Mario,50,Winner,agent_2,Agente con rollouts heuristicos,win,1,26,20.489852200029418,1.5712978000072046,20.42687140009366,13
S_vs_Mario_alternating_50,S_vs_Mario_game_022,Agente con rollouts heuristicos,Agente Mario,Agente con rollouts heuristicos,agent_1,Agente Mario,first,50,0,50,22,2048,Agente con rollouts heuristicos,50,Winner,agent_1,Agente con rollouts heuristicos,win,1,7,7.474629000003915,1.8657578000129433,7.463031200051773,4
S_vs_Mario_alternating_50,S_vs_Mario_game_022,Agente con rollouts heuristicos,Agente Mario,Agente Mario,agent_2,Agente con rollouts heuristicos,second,0,50,0,22,2048,Agente con rollouts heuristicos,50,Winner,agent_1,Agente con rollouts heuristicos,loss,-1,7,7.474629000003915,0.0038072666696583233,0.01142180000897497,3
S_vs_Mario_alternating_50,S_vs_Mario_game_023,Agente Mario,Agente con rollouts heuristicos,Agente Mario,agent_1,Agente con rollouts heuristicos,first,0,50,0,23,2049,Agente Mario,50,Winner,draw,Draw,draw,0,42,26.400598699983675,0.004451747615045558,0.0934866999159567,21
S_vs_Mario_alternating_50,S_vs_Mario_game_023,Agente Mario,Agente con rollouts heuristicos,Agente con rollouts heuristicos,agent_2,Agente Mario,second,50,0,50,23,2049,Agente Mario,50,Winner,draw,Draw,draw,0,42,26.400598699983675,1.2525772476136419,26.30412219988648,21
S_vs_Mario_alternating_50,S_vs_Mario_game_024,Agente con rollouts heuristicos,Agente Mario,Agente con rollouts heuristicos,agent_1,Agente Mario,first,50,0,50,24,2050,Agente con rollouts heuristicos,50,Winner,agent_1,Agente con rollouts heuristicos,win,1,7,7.677686700015329,1.9161787249904592,7.664714899961837,4
S_vs_Mario_alternating_50,S_vs_Mario_game_024,Agente con rollouts heuristicos,Agente Mario,Agente Mario,agent_2,Agente con rollouts heuristicos,second,0,50,0,24,2050,Agente con rollouts heuristicos,50,Winner,agent_1,Agente con rollouts heuristicos,loss,-1,7,7.677686700015329,0.0042395333099799854,0.012718599929939955,3
S_vs_Mario_alternating_50,S_vs_Mario_game_025,Agente Mario,Agente con rollouts heuristicos,Agente Mario,agent_1,Agente con rollouts heuristicos,first,0,50,0,25,2051,Agente Mario,50,Winner,agent_2,Agente con rollouts heuristicos,loss,-1,34,24.56420480000088,0.004797788241001613,0.08156240009702742,17
S_vs_Mario_alternating_50,S_vs_Mario_game_025,Agente Mario,Agente con rollouts heuristicos,Agente con rollouts heuristicos,agent_2,Agente Mario,second,50,0,50,25,2051,Agente Mario,50,Winner,agent_2,Agente con rollouts heuristicos,win,1,34,24.56420480000088,1.4400378235287088,24.48064299998805,17
S_vs_Mario_alternating_50,S_vs_Mario_game_026,Agente con rollouts heuristicos,Agente Mario,Agente con rollouts heuristicos,agent_1,Agente Mario,first,50,0,50,26,2052,Agente con rollouts heuristicos,50,Winner,agent_1,Agente con rollouts heuristicos,win,1,7,7.5374614000320435,1.881034650010406,7.524138600041624,4
S_vs_Mario_alternating_50,S_vs_Mario_game_026,Agente con rollouts heuristicos,Agente Mario,Agente Mario,agent_2,Agente con rollouts heuristicos,second,0,50,0,26,2052,Agente con rollouts heuristicos,50,Winner,agent_1,Agente con rollouts heuristicos,loss,-1,7,7.5374614000320435,0.004363999973672132,0.013091999921016395,3
S_vs_Mario_alternating_50,S_vs_Mario_game_027,Agente Mario,Agente con rollouts heuristicos,Agente Mario,agent_1,Agente con rollouts heuristicos,first,0,50,0,27,2053,Agente Mario,50,Winner,agent_2,Agente con rollouts heuristicos,loss,-1,22,19.3487027999945,0.004551881818439473,0.0500707000028342,11
S_vs_Mario_alternating_50,S_vs_Mario_game_027,Agente Mario,Agente con rollouts heuristicos,Agente con rollouts heuristicos,agent_2,Agente Mario,second,50,0,50,27,2053,Agente Mario,50,Winner,agent_2,Agente con rollouts heuristicos,win,1,22,19.3487027999945,1.75433268182149,19.29765950003639,11
S_vs_Mario_alternating_50,S_vs_Mario_game_028,Agente con rollouts heuristicos,Agente Mario,Agente con rollouts heuristicos,agent_1,Agente Mario,first,50,0,50,28,2054,Agente con rollouts heuristicos,50,Winner,agent_1,Agente con rollouts heuristicos,win,1,7,7.6685369000188075,1.9142360250116326,7.65694410004653,4
S_vs_Mario_alternating_50,S_vs_Mario_game_028,Agente con rollouts heuristicos,Agente Mario,Agente Mario,agent_2,Agente con rollouts heuristicos,second,0,50,0,28,2054,Agente con rollouts heuristicos,50,Winner,agent_1,Agente con rollouts heuristicos,loss,-1,7,7.6685369000188075,0.003803733328823,0.011411199986469,3
S_vs_Mario_alternating_50,S_vs_Mario_game_029,Agente Mario,Agente con rollouts heuristicos,Agente Mario,agent_1,Agente con rollouts heuristicos,first,0,50,0,29,2055,Agente Mario,50,Winner,agent_2,Agente con rollouts heuristicos,loss,-1,22,19.63292330002878,0.00504371817541224,0.055480899929534644,11
S_vs_Mario_alternating_50,S_vs_Mario_game_029,Agente Mario,Agente con rollouts heuristicos,Agente con rollouts heuristicos,agent_2,Agente Mario,second,50,0,50,29,2055,Agente Mario,50,Winner,agent_2,Agente con rollouts heuristicos,win,1,22,19.63292330002878,1.7796779363680715,19.576457300048787,11
S_vs_Mario_alternating_50,S_vs_Mario_game_030,Agente con rollouts heuristicos,Agente Mario,Agente con rollouts heuristicos,agent_1,Agente Mario,first,50,0,50,30,2056,Agente con rollouts heuristicos,50,Winner,agent_1,Agente con rollouts heuristicos,win,1,7,7.670057100011036,1.9144436749920715,7.657774699968286,4
S_vs_Mario_alternating_50,S_vs_Mario_game_030,Agente con rollouts heuristicos,Agente Mario,Agente Mario,agent_2,Agente con rollouts heuristicos,second,0,50,0,30,2056,Agente con rollouts heuristicos,50,Winner,agent_1,Agente con rollouts heuristicos,loss,-1,7,7.670057100011036,0.0040268333395943046,0.012080500018782914,3
S_vs_Mario_alternating_50,S_vs_Mario_game_031,Agente Mario,Agente con rollouts heuristicos,Agente Mario,agent_1,Agente con rollouts heuristicos,first,0,50,0,31,2057,Agente Mario,50,Winner,agent_2,Agente con rollouts heuristicos,loss,-1,22,21.45441690000007,0.004561063648328523,0.05017170013161376,11
S_vs_Mario_alternating_50,S_vs_Mario_game_031,Agente Mario,Agente con rollouts heuristicos,Agente con rollouts heuristicos,agent_2,Agente Mario,second,50,0,50,31,2057,Agente Mario,50,Winner,agent_2,Agente con rollouts heuristicos,win,1,22,21.45441690000007,1.94575368182268,21.40329050004948,11
S_vs_Mario_alternating_50,S_vs_Mario_game_032,Agente con rollouts heuristicos,Agente Mario,Agente con rollouts heuristicos,agent_1,Agente Mario,first,50,0,50,32,2058,Agente con rollouts heuristicos,50,Winner,agent_1,Agente con rollouts heuristicos,win,1,9,8.674585900036618,1.731337300001178,8.65668650000589,5
S_vs_Mario_alternating_50,S_vs_Mario_game_032,Agente con rollouts heuristicos,Agente Mario,Agente Mario,agent_2,Agente con rollouts heuristicos,second,0,50,0,32,2058,Agente con rollouts heuristicos,50,Winner,agent_1,Agente con rollouts heuristicos,loss,-1,9,8.674585900036618,0.004393600000184961,0.017574400000739843,4
S_vs_Mario_alternating_50,S_vs_Mario_game_033,Agente Mario,Agente con rollouts heuristicos,Agente Mario,agent_1,Agente con rollouts heuristicos,first,0,50,0,33,2059,Agente Mario,50,Winner,draw,Draw,draw,0,42,24.63100559997838,0.004191019051220445,0.08801140007562935,21
S_vs_Mario_alternating_50,S_vs_Mario_game_033,Agente Mario,Agente con rollouts heuristicos,Agente con rollouts heuristicos,agent_2,Agente Mario,second,50,0,50,33,2059,Agente Mario,50,Winner,draw,Draw,draw,0,42,24.63100559997838,1.168580266658128,24.54018559982069,21
S_vs_Mario_alternating_50,S_vs_Mario_game_034,Agente con rollouts heuristicos,Agente Mario,Agente con rollouts heuristicos,agent_1,Agente Mario,first,50,0,50,34,2060,Agente con rollouts heuristicos,50,Winner,agent_1,Agente con rollouts heuristicos,win,1,7,7.46656960004475,1.863653099993826,7.454612399975304,4
S_vs_Mario_alternating_50,S_vs_Mario_game_034,Agente con rollouts heuristicos,Agente Mario,Agente Mario,agent_2,Agente con rollouts heuristicos,second,0,50,0,34,2060,Agente con rollouts heuristicos,50,Winner,agent_1,Agente con rollouts heuristicos,loss,-1,7,7.46656960004475,0.0039199333017071085,0.011759799905121326,3
S_vs_Mario_alternating_50,S_vs_Mario_game_035,Agente Mario,Agente con rollouts heuristicos,Agente Mario,agent_1,Agente con rollouts heuristicos,first,0,50,0,35,2061,Agente Mario,50,Winner,agent_2,Agente con rollouts heuristicos,loss,-1,24,22.957049800024834,0.005016058339000058,0.060192700068000704,12
S_vs_Mario_alternating_50,S_vs_Mario_game_035,Agente Mario,Agente con rollouts heuristicos,Agente con rollouts heuristicos,agent_2,Agente Mario,second,50,0,50,35,2061,Agente Mario,50,Winner,agent_2,Agente con rollouts heuristicos,win,1,24,22.957049800024834,1.907981816669538,22.895781800034456,12
S_vs_Mario_alternating_50,S_vs_Mario_game_036,Agente con rollouts heuristicos,Agente Mario,Agente con rollouts heuristicos,agent_1,Agente Mario,first,50,0,50,36,2062,Agente con rollouts heuristicos,50,Winner,agent_1,Agente con rollouts heuristicos,win,1,9,8.940799699979834,1.7845792599953711,8.922896299976856,5
S_vs_Mario_alternating_50,S_vs_Mario_game_036,Agente con rollouts heuristicos,Agente Mario,Agente Mario,agent_2,Agente con rollouts heuristicos,second,0,50,0,36,2062,Agente con rollouts heuristicos,50,Winner,agent_1,Agente con rollouts heuristicos,loss,-1,9,8.940799699979834,0.004406924999784678,0.017627699999138713,4
S_vs_Mario_alternating_50,S_vs_Mario_game_037,Agente Mario,Agente con rollouts heuristicos,Agente Mario,agent_1,Agente con rollouts heuristicos,first,0,50,0,37,2063,Agente Mario,50,Winner,agent_2,Agente con rollouts heuristicos,loss,-1,34,25.051143700024113,0.00461682941257844,0.07848610001383349,17
S_vs_Mario_alternating_50,S_vs_Mario_game_037,Agente Mario,Agente con rollouts heuristicos,Agente con rollouts heuristicos,agent_2,Agente Mario,second,50,0,50,37,2063,Agente Mario,50,Winner,agent_2,Agente con rollouts heuristicos,win,1,34,25.051143700024113,1.4688605352969129,24.970629100047518,17
S_vs_Mario_alternating_50,S_vs_Mario_game_038,Agente con rollouts heuristicos,Agente Mario,Agente con rollouts heuristicos,agent_1,Agente Mario,first,50,0,50,38,2064,Agente con rollouts heuristicos,50,Winner,agent_1,Agente con rollouts heuristicos,win,1,7,7.826511999999639,1.9535956000036094,7.814382400014438,4
S_vs_Mario_alternating_50,S_vs_Mario_game_038,Agente con rollouts heuristicos,Agente Mario,Agente Mario,agent_2,Agente con rollouts heuristicos,second,0,50,0,38,2064,Agente con rollouts heuristicos,50,Winner,agent_1,Agente con rollouts heuristicos,loss,-1,7,7.826511999999639,0.003965833340771496,0.011897500022314489,3
S_vs_Mario_alternating_50,S_vs_Mario_game_039,Agente Mario,Agente con rollouts heuristicos,Agente Mario,agent_1,Agente con rollouts heuristicos,first,0,50,0,39,2065,Agente Mario,50,Winner,agent_2,Agente con rollouts heuristicos,loss,-1,22,19.44696789997397,0.005115745451555334,0.05627319996710867,11
S_vs_Mario_alternating_50,S_vs_Mario_game_039,Agente Mario,Agente con rollouts heuristicos,Agente con rollouts heuristicos,agent_2,Agente Mario,second,50,0,50,39,2065,Agente Mario,50,Winner,agent_2,Agente con rollouts heuristicos,win,1,22,19.44696789997397,1.7626953363704325,19.38964870007476,11
S_vs_Mario_alternating_50,S_vs_Mario_game_040,Agente con rollouts heuristicos,Agente Mario,Agente con rollouts heuristicos,agent_1,Agente Mario,first,50,0,50,40,2066,Agente con rollouts heuristicos,50,Winner,agent_1,Agente con rollouts heuristicos,win,1,7,7.725085400044918,1.9277837999834446,7.7111351999337785,4
S_vs_Mario_alternating_50,S_vs_Mario_game_040,Agente con rollouts heuristicos,Agente Mario,Agente Mario,agent_2,Agente con rollouts heuristicos,second,0,50,0,40,2066,Agente con rollouts heuristicos,50,Winner,agent_1,Agente con rollouts heuristicos,loss,-1,7,7.725085400044918,0.004580799994679789,0.013742399984039366,3
S_vs_Mario_alternating_50,S_vs_Mario_game_041,Agente Mario,Agente con rollouts heuristicos,Agente Mario,agent_1,Agente con rollouts heuristicos,first,0,50,0,41,2067,Agente Mario,50,Winner,agent_2,Agente con rollouts heuristicos,loss,-1,30,24.155384799989406,0.004953246668446809,0.07429870002670214,15
S_vs_Mario_alternating_50,S_vs_Mario_game_041,Agente Mario,Agente con rollouts heuristicos,Agente con rollouts heuristicos,agent_2,Agente Mario,second,50,0,50,41,2067,Agente Mario,50,Winner,agent_2,Agente con rollouts heuristicos,win,1,30,24.155384799989406,1.605279886664357,24.079198299965356,15
S_vs_Mario_alternating_50,S_vs_Mario_game_042,Agente con rollouts heuristicos,Agente Mario,Agente con rollouts heuristicos,agent_1,Agente Mario,first,50,0,50,42,2068,Agente con rollouts heuristicos,50,Winner,agent_1,Agente con rollouts heuristicos,win,1,7,7.722320000000764,1.9271860750159249,7.7087443000636995,4
S_vs_Mario_alternating_50,S_vs_Mario_game_042,Agente con rollouts heuristicos,Agente Mario,Agente Mario,agent_2,Agente con rollouts heuristicos,second,0,50,0,42,2068,Agente con rollouts heuristicos,50,Winner,agent_1,Agente con rollouts heuristicos,loss,-1,7,7.722320000000764,0.00446263332075129,0.013387899962253869,3
S_vs_Mario_alternating_50,S_vs_Mario_game_043,Agente Mario,Agente con rollouts heuristicos,Agente Mario,agent_1,Agente con rollouts heuristicos,first,0,50,0,43,2069,Agente Mario,50,Winner,draw,Draw,draw,0,42,24.717218999983743,0.004122347620848034,0.08656930003780872,21
S_vs_Mario_alternating_50,S_vs_Mario_game_043,Agente Mario,Agente con rollouts heuristicos,Agente con rollouts heuristicos,agent_2,Agente Mario,second,50,0,50,43,2069,Agente Mario,50,Winner,draw,Draw,draw,0,42,24.717218999983743,1.172740609520891,24.627552799938712,21
S_vs_Mario_alternating_50,S_vs_Mario_game_044,Agente con rollouts heuristicos,Agente Mario,Agente con rollouts heuristicos,agent_1,Agente Mario,first,50,0,50,44,2070,Agente con rollouts heuristicos,50,Winner,agent_1,Agente con rollouts heuristicos,win,1,7,7.5448768000351265,1.8832964250032092,7.533185700012837,4
S_vs_Mario_alternating_50,S_vs_Mario_game_044,Agente con rollouts heuristicos,Agente Mario,Agente Mario,agent_2,Agente con rollouts heuristicos,second,0,50,0,44,2070,Agente con rollouts heuristicos,50,Winner,agent_1,Agente con rollouts heuristicos,loss,-1,7,7.5448768000351265,0.0038272000189560154,0.011481600056868047,3
S_vs_Mario_alternating_50,S_vs_Mario_game_045,Agente Mario,Agente con rollouts heuristicos,Agente Mario,agent_1,Agente con rollouts heuristicos,first,0,50,0,45,2071,Agente Mario,50,Winner,draw,Draw,draw,0,42,29.682442599965725,0.0038779666702750894,0.08143730007577688,21
S_vs_Mario_alternating_50,S_vs_Mario_game_045,Agente Mario,Agente con rollouts heuristicos,Agente con rollouts heuristicos,agent_2,Agente Mario,second,50,0,50,45,2071,Agente Mario,50,Winner,draw,Draw,draw,0,42,29.682442599965725,1.4094297523787689,29.598024799954146,21
S_vs_Mario_alternating_50,S_vs_Mario_game_046,Agente con rollouts heuristicos,Agente Mario,Agente con rollouts heuristicos,agent_1,Agente Mario,first,50,0,50,46,2072,Agente con rollouts heuristicos,50,Winner,agent_1,Agente con rollouts heuristicos,win,1,7,7.765674800029956,1.9383797499904176,7.7535189999616705,4
S_vs_Mario_alternating_50,S_vs_Mario_game_046,Agente con rollouts heuristicos,Agente Mario,Agente Mario,agent_2,Agente con rollouts heuristicos,second,0,50,0,46,2072,Agente con rollouts heuristicos,50,Winner,agent_1,Agente con rollouts heuristicos,loss,-1,7,7.765674800029956,0.003994166676420718,0.011982500029262155,3
S_vs_Mario_alternating_50,S_vs_Mario_game_047,Agente Mario,Agente con rollouts heuristicos,Agente Mario,agent_1,Agente con rollouts heuristicos,first,0,50,0,47,2073,Agente Mario,50,Winner,agent_1,Agente Mario,win,1,37,20.781177999975625,0.004862010524926805,0.0923781999736093,19
S_vs_Mario_alternating_50,S_vs_Mario_game_047,Agente Mario,Agente con rollouts heuristicos,Agente con rollouts heuristicos,agent_2,Agente Mario,second,50,0,50,47,2073,Agente Mario,50,Winner,agent_1,Agente Mario,loss,-1,37,20.781177999975625,1.1492552944368475,20.686595299863257,18
S_vs_Mario_alternating_50,S_vs_Mario_game_048,Agente con rollouts heuristicos,Agente Mario,Agente con rollouts heuristicos,agent_1,Agente Mario,first,50,0,50,48,2074,Agente con rollouts heuristicos,50,Winner,agent_1,Agente con rollouts heuristicos,win,1,7,7.571424600027967,1.8899175750120776,7.55967030004831,4
S_vs_Mario_alternating_50,S_vs_Mario_game_048,Agente con rollouts heuristicos,Agente Mario,Agente Mario,agent_2,Agente con rollouts heuristicos,second,0,50,0,48,2074,Agente con rollouts heuristicos,50,Winner,agent_1,Agente con rollouts heuristicos,loss,-1,7,7.571424600027967,0.0038563000271096826,0.011568900081329048,3
S_vs_Mario_alternating_50,S_vs_Mario_game_049,Agente Mario,Agente con rollouts heuristicos,Agente Mario,agent_1,Agente con rollouts heuristicos,first,0,50,0,49,2075,Agente Mario,50,Winner,agent_2,Agente con rollouts heuristicos,loss,-1,26,25.051422899996396,0.004638030771345187,0.06029440002748743,13
S_vs_Mario_alternating_50,S_vs_Mario_game_049,Agente Mario,Agente con rollouts heuristicos,Agente con rollouts heuristicos,agent_2,Agente Mario,second,50,0,50,49,2075,Agente Mario,50,Winner,agent_2,Agente con rollouts heuristicos,win,1,26,25.051422899996396,1.9223023999948055,24.98993119993247,13
