focal_agent,opponent,focal_color,trials,games,wins,draws,losses,win_rate,draw_rate,loss_rate,mean_score,mean_moves,mean_decision_time,mean_game_time
Agente con rollouts aleatorios,Agente con rollouts aleatorios,first,1.0,100,59,2,39,0.59,0.02,0.39,0.2,20.39,0.045988863472758046,0.9367686939987471
Agente con rollouts aleatorios,Agente con rollouts aleatorios,first,5.0,100,56,0,44,0.56,0.0,0.44,0.12,16.46,0.043020934231008015,0.7346498829984921
Agente con rollouts aleatorios,Agente con rollouts aleatorios,first,10.0,100,61,1,38,0.61,0.01,0.38,0.23,16.51,0.12699095253532908,2.0706596789989273
Agente con rollouts aleatorios,Agente con rollouts aleatorios,first,25.0,100,55,0,45,0.55,0.0,0.45,0.1,18.95,0.32759783123618647,6.030170910000161
Agente con rollouts aleatorios,Agente con rollouts aleatorios,first,50.0,100,59,1,40,0.59,0.01,0.4,0.19,22.83,0.22935135751384744,5.15115624899976
Agente con rollouts aleatorios,Agente con rollouts aleatorios,first,100.0,100,50,4,46,0.5,0.04,0.46,0.04,26.64,0.45196505380345253,11.677723971998494
Agente con rollouts aleatorios,Agente con rollouts aleatorios,second,1.0,100,39,2,59,0.39,0.02,0.59,-0.2,20.39,0.04492701726583547,0.9367686939987471
Agente con rollouts aleatorios,Agente con rollouts aleatorios,second,5.0,100,44,0,56,0.44,0.0,0.56,-0.12,16.46,0.04322173627816976,0.7346498829984921
Agente con rollouts aleatorios,Agente con rollouts aleatorios,second,10.0,100,38,1,61,0.38,0.01,0.61,-0.23,16.51,0.12408293142328204,2.0706596789989273
Agente con rollouts aleatorios,Agente con rollouts aleatorios,second,25.0,100,45,0,55,0.45,0.0,0.55,-0.1,18.95,0.3186470097305565,6.030170910000161
Agente con rollouts aleatorios,Agente con rollouts aleatorios,second,50.0,100,40,1,59,0.4,0.01,0.59,-0.19,22.83,0.2271611945832565,5.15115624899976
Agente con rollouts aleatorios,Agente con rollouts aleatorios,second,100.0,100,46,4,50,0.46,0.04,0.5,-0.04,26.64,0.4375747404485931,11.677723971998494
Agente con rollouts aleatorios,Agente con rollouts heuristicos,first,1.0,10,0,0,10,0.0,0.0,1.0,-1.0,14.0,0.005022658614342699,0.4789740999956848
Agente con rollouts aleatorios,Agente con rollouts heuristicos,first,5.0,10,0,0,10,0.0,0.0,1.0,-1.0,17.8,0.02217496261242467,2.526512779999757
Agente con rollouts aleatorios,Agente con rollouts heuristicos,first,10.0,10,1,1,8,0.1,0.1,0.8,-0.7,20.3,0.042723200548387505,5.42883879999863
Agente con rollouts aleatorios,Agente con rollouts heuristicos,first,25.0,10,2,0,8,0.2,0.0,0.8,-0.6,24.6,0.1062871331238621,14.069029339996632
Agente con rollouts aleatorios,Agente con rollouts heuristicos,first,50.0,10,0,0,10,0.0,0.0,1.0,-1.0,23.6,0.21056203347646907,26.409010329999727
Agente con rollouts aleatorios,Agente con rollouts heuristicos,second,1.0,10,0,0,10,0.0,0.0,1.0,-1.0,8.0,0.0041501716633016205,0.2283943300019018
Agente con rollouts aleatorios,Agente con rollouts heuristicos,second,5.0,10,0,0,10,0.0,0.0,1.0,-1.0,12.8,0.02283859088787692,1.8840204100037226
Agente con rollouts aleatorios,Agente con rollouts heuristicos,second,10.0,10,0,0,10,0.0,0.0,1.0,-1.0,14.2,0.04354852568684104,3.913201429997571
Agente con rollouts aleatorios,Agente con rollouts heuristicos,second,25.0,10,3,0,7,0.3,0.0,0.7,-0.4,25.7,0.10786003631964529,15.4258107200003
Agente con rollouts aleatorios,Agente con rollouts heuristicos,second,50.0,10,2,0,8,0.2,0.0,0.8,-0.6,26.0,0.20839434785614103,25.758192430000054
Agente con rollouts aleatorios,Random,first,1.0,100,79,1,20,0.79,0.01,0.2,0.59,20.53,0.032022835241192885,0.34885352599725594
Agente con rollouts aleatorios,Random,first,5.0,100,97,0,3,0.97,0.0,0.03,0.94,14.21,0.06334051589546508,0.4767775849974714
Agente con rollouts aleatorios,Random,first,10.0,100,96,0,4,0.96,0.0,0.04,0.92,12.78,0.05706729546555603,0.3982137859988143
Agente con rollouts aleatorios,Random,first,25.0,100,100,0,0,1.0,0.0,0.0,1.0,10.68,0.19972996330668358,1.1630911840009504
Agente con rollouts aleatorios,Random,first,50.0,100,100,0,0,1.0,0.0,0.0,1.0,9.86,0.8126333149181264,4.362894974999653
Agente con rollouts aleatorios,Random,first,100.0,100,100,0,0,1.0,0.0,0.0,1.0,9.18,0.4755033925782514,2.4119309260015145
Agente con rollouts aleatorios,Random,second,1.0,100,62,0,38,0.62,0.0,0.38,0.24,19.3,0.05467405032667355,0.5206053170020459
Agente con rollouts aleatorios,Random,second,5.0,100,88,0,12,0.88,0.0,0.12,0.76,17.12,0.06317231005422022,0.4957867280006758
Agente con rollouts aleatorios,Random,second,10.0,100,98,0,2,0.98,0.0,0.02,0.96,15.24,0.17953222534399513,1.3948331130004954
Agente con rollouts aleatorios,Random,second,25.0,100,100,0,0,1.0,0.0,0.0,1.0,13.36,0.17210809770101862,1.1358806729997741
Agente con rollouts aleatorios,Random,second,50.0,100,100,0,0,1.0,0.0,0.0,1.0,13.2,0.26517998751148536,1.767788344999426
Agente con rollouts aleatorios,Random,second,100.0,100,100,0,0,1.0,0.0,0.0,1.0,11.66,0.4749732099480517,2.7784015750008986
Agente con rollouts heuristicos,Agente con rollouts aleatorios,first,1.0,10,10,0,0,1.0,0.0,0.0,1.0,8.0,0.046313804283445656,0.2283943300019018
Agente con rollouts heuristicos,Agente con rollouts aleatorios,first,5.0,10,10,0,0,1.0,0.0,0.0,1.0,12.8,0.25850656519587717,1.8840204100037226
Agente con rollouts heuristicos,Agente con rollouts aleatorios,first,10.0,10,10,0,0,1.0,0.0,0.0,1.0,14.2,0.4840328300759378,3.913201429997571
Agente con rollouts heuristicos,Agente con rollouts aleatorios,first,25.0,10,7,0,3,0.7,0.0,0.3,0.4,25.7,1.0798858229058224,15.4258107200003
Agente con rollouts heuristicos,Agente con rollouts aleatorios,first,50.0,10,8,0,2,0.8,0.0,0.2,0.6,26.0,1.7792864957268837,25.758192430000054
Agente con rollouts heuristicos,Agente con rollouts aleatorios,second,1.0,10,10,0,0,1.0,0.0,0.0,1.0,14.0,0.06684013719557848,0.4789740999956848
Agente con rollouts heuristicos,Agente con rollouts aleatorios,second,5.0,10,10,0,0,1.0,0.0,0.0,1.0,17.8,0.29456998092024433,2.526512779999757
Agente con rollouts heuristicos,Agente con rollouts aleatorios,second,10.0,10,8,1,1,0.8,0.1,0.1,0.7,20.3,0.5544323696593937,5.42883879999863
Agente con rollouts heuristicos,Agente con rollouts aleatorios,second,25.0,10,8,0,2,0.8,0.0,0.2,0.6,24.6,1.1123549863006583,14.069029339996632
Agente con rollouts heuristicos,Agente con rollouts aleatorios,second,50.0,10,10,0,0,1.0,0.0,0.0,1.0,23.6,2.1391085038888447,26.409010329999727
Agente con rollouts heuristicos,Agente con rollouts heuristicos,first,1.0,10,5,2,3,0.5,0.2,0.3,0.2,37.1,0.03288358208024682,1.227285580005264
Agente con rollouts heuristicos,Agente con rollouts heuristicos,first,5.0,10,6,4,0,0.6,0.4,0.0,0.6,35.0,0.20471087267312,6.756155520002357
Agente con rollouts heuristicos,Agente con rollouts heuristicos,first,10.0,10,4,2,4,0.4,0.2,0.4,0.0,34.6,0.37972098982772273,13.031477390002692
Agente con rollouts heuristicos,Agente con rollouts heuristicos,first,25.0,10,1,3,6,0.1,0.3,0.6,-0.5,35.7,0.8741286958885619,31.15875811999431
Agente con rollouts heuristicos,Agente con rollouts heuristicos,first,50.0,10,5,3,2,0.5,0.3,0.2,0.3,35.9,1.7334111064464892,64.09184838999936
Agente con rollouts heuristicos,Agente con rollouts heuristicos,second,1.0,10,3,2,5,0.3,0.2,0.5,-0.2,37.1,0.03321863453849106,1.227285580005264
Agente con rollouts heuristicos,Agente con rollouts heuristicos,second,5.0,10,0,4,6,0.0,0.4,0.6,-0.6,35.0,0.20902464959185263,6.756155520002357
Agente con rollouts heuristicos,Agente con rollouts heuristicos,second,10.0,10,4,2,4,0.4,0.2,0.4,0.0,34.6,0.39144169040533666,13.031477390002692
Agente con rollouts heuristicos,Agente con rollouts heuristicos,second,25.0,10,6,3,1,0.6,0.3,0.1,0.5,35.7,0.9159680405417635,31.15875811999431
Agente con rollouts heuristicos,Agente con rollouts heuristicos,second,50.0,10,2,3,5,0.2,0.3,0.5,-0.3,35.9,1.943997096255962,64.09184838999936
Agente con rollouts heuristicos,Random,first,1.0,10,10,0,0,1.0,0.0,0.0,1.0,9.0,0.05893344575270017,0.29553634999901984
Agente con rollouts heuristicos,Random,first,5.0,10,10,0,0,1.0,0.0,0.0,1.0,8.6,0.2150785576806707,1.0724804299941753
Agente con rollouts heuristicos,Random,first,10.0,10,10,0,0,1.0,0.0,0.0,1.0,11.8,0.558146130488766,3.4067111599986672
Agente con rollouts heuristicos,Random,first,25.0,10,10,0,0,1.0,0.0,0.0,1.0,11.4,1.2979715876948386,7.916408090002369
Agente con rollouts heuristicos,Random,first,50.0,10,10,0,0,1.0,0.0,0.0,1.0,10.6,2.6037807117026905,14.95020948999736
Agente con rollouts heuristicos,Random,second,1.0,10,10,0,0,1.0,0.0,0.0,1.0,12.6,0.06326061224934539,0.3881382899970049
Agente con rollouts heuristicos,Random,second,5.0,10,10,0,0,1.0,0.0,0.0,1.0,12.6,0.32706436643002057,2.035389120000764
Agente con rollouts heuristicos,Random,second,10.0,10,10,0,0,1.0,0.0,0.0,1.0,15.4,0.6228854356309153,4.744151730003068
Agente con rollouts heuristicos,Random,second,25.0,10,10,0,0,1.0,0.0,0.0,1.0,10.6,1.5916678508466497,8.507409090001602
Agente con rollouts heuristicos,Random,second,50.0,10,10,0,0,1.0,0.0,0.0,1.0,11.0,3.657160600586393,19.572299639997073
Random,Agente con rollouts aleatorios,first,,600,52,0,548,0.08666666666666667,0.0,0.9133333333333333,-0.8266666666666667,14.98,6.659335967598368e-05,1.3488826251672192
Random,Agente con rollouts aleatorios,second,,600,27,1,572,0.045,0.0016666666666666668,0.9533333333333334,-0.9083333333333333,12.873333333333333,4.3850821408605625e-05,1.52696033033261
Random,Agente con rollouts heuristicos,first,,50,0,0,50,0.0,0.0,1.0,-1.0,12.44,1.919997668248045e-05,7.049477573999902
Random,Agente con rollouts heuristicos,second,,50,0,0,50,0.0,0.0,1.0,-1.0,10.28,1.8354168685093828e-05,5.528269103998318
